Jackey Wang;500 Startups Venture Partner;LinkedIn;https://www.linkedin.com/in/jackeywang;https://www.google.com/search?q=%28intitle%3A%22%5B%27500+Startups%27%2C+%27%27%5D%22%29+site%3Alinkedin.com%2Fin%2F&source=hp&ei=XsiwYPyNIsnVrgSttrPQAQ&iflsig=AINFCbYAAAAAYLDWbh0wACG-CmWRu5KVP0bd4ZOtZqsq;1;
Jackey Wang;500 Startups Venture Partner;LinkedIn;https://www.linkedin.com/in/jackeywang;https://www.google.com/search?q=%28intitle%3A%22%5B%27500+Startups%27%2C+%27%27%5D%22%29+site%3Alinkedin.com%2Fin%2F&source=hp&ei=XsiwYPyNIsnVrgSttrPQAQ&iflsig=AINFCbYAAAAAYLDWbh0wACG-CmWRu5KVP0bd4ZOtZqsq;1;
Tim Chae;Managing Partner;500 Startups ;https://www.linkedin.com/in/timchae;https://www.google.com/search?q=%28intitle%3A%22%5B%27500+Startups%27%2C+%27%27%5D%22%29+site%3Alinkedin.com%2Fin%2F&source=hp&ei=XsiwYPyNIsnVrgSttrPQAQ&iflsig=AINFCbYAAAAAYLDWbh0wACG-CmWRu5KVP0bd4ZOtZqsq;2;
Jackey Wang;500 Startups Venture Partner;LinkedIn;https://www.linkedin.com/in/jackeywang;https://www.google.com/search?q=%28intitle%3A%22%5B%27500+Startups%27%2C+%27%27%5D%22%29+site%3Alinkedin.com%2Fin%2F&source=hp&ei=XsiwYPyNIsnVrgSttrPQAQ&iflsig=AINFCbYAAAAAYLDWbh0wACG-CmWRu5KVP0bd4ZOtZqsq;1;
Tim Chae;Managing Partner;500 Startups ;https://www.linkedin.com/in/timchae;https://www.google.com/search?q=%28intitle%3A%22%5B%27500+Startups%27%2C+%27%27%5D%22%29+site%3Alinkedin.com%2Fin%2F&source=hp&ei=XsiwYPyNIsnVrgSttrPQAQ&iflsig=AINFCbYAAAAAYLDWbh0wACG-CmWRu5KVP0bd4ZOtZqsq;2;
Eddie Thai;General Partner;500 Startups Vietnam ;https://vn.linkedin.com/in/edwardthai;https://www.google.com/search?q=%28intitle%3A%22%5B%27500+Startups%27%2C+%27%27%5D%22%29+site%3Alinkedin.com%2Fin%2F&source=hp&ei=XsiwYPyNIsnVrgSttrPQAQ&iflsig=AINFCbYAAAAAYLDWbh0wACG-CmWRu5KVP0bd4ZOtZqsq;3;
Jackey Wang;500 Startups Venture Partner;LinkedIn;https://www.linkedin.com/in/jackeywang;https://www.google.com/search?q=%28intitle%3A%22%5B%27500+Startups%27%2C+%27%27%5D%22%29+site%3Alinkedin.com%2Fin%2F&source=hp&ei=XsiwYPyNIsnVrgSttrPQAQ&iflsig=AINFCbYAAAAAYLDWbh0wACG-CmWRu5KVP0bd4ZOtZqsq;1;
Tim Chae;Managing Partner;500 Startups ;https://www.linkedin.com/in/timchae;https://www.google.com/search?q=%28intitle%3A%22%5B%27500+Startups%27%2C+%27%27%5D%22%29+site%3Alinkedin.com%2Fin%2F&source=hp&ei=XsiwYPyNIsnVrgSttrPQAQ&iflsig=AINFCbYAAAAAYLDWbh0wACG-CmWRu5KVP0bd4ZOtZqsq;2;
Eddie Thai;General Partner;500 Startups Vietnam ;https://vn.linkedin.com/in/edwardthai;https://www.google.com/search?q=%28intitle%3A%22%5B%27500+Startups%27%2C+%27%27%5D%22%29+site%3Alinkedin.com%2Fin%2F&source=hp&ei=XsiwYPyNIsnVrgSttrPQAQ&iflsig=AINFCbYAAAAAYLDWbh0wACG-CmWRu5KVP0bd4ZOtZqsq;3;
Christine Tsai;CEO and Founding Partner;500 Startups ...;https://www.linkedin.com/in/christinesltsai;https://www.google.com/search?q=%28intitle%3A%22%5B%27500+Startups%27%2C+%27%27%5D%22%29+site%3Alinkedin.com%2Fin%2F&source=hp&ei=XsiwYPyNIsnVrgSttrPQAQ&iflsig=AINFCbYAAAAAYLDWbh0wACG-CmWRu5KVP0bd4ZOtZqsq;4;
Jackey Wang;500 Startups Venture Partner;LinkedIn;https://www.linkedin.com/in/jackeywang;https://www.google.com/search?q=%28intitle%3A%22%5B%27500+Startups%27%2C+%27%27%5D%22%29+site%3Alinkedin.com%2Fin%2F&source=hp&ei=XsiwYPyNIsnVrgSttrPQAQ&iflsig=AINFCbYAAAAAYLDWbh0wACG-CmWRu5KVP0bd4ZOtZqsq;1;
Tim Chae;Managing Partner;500 Startups ;https://www.linkedin.com/in/timchae;https://www.google.com/search?q=%28intitle%3A%22%5B%27500+Startups%27%2C+%27%27%5D%22%29+site%3Alinkedin.com%2Fin%2F&source=hp&ei=XsiwYPyNIsnVrgSttrPQAQ&iflsig=AINFCbYAAAAAYLDWbh0wACG-CmWRu5KVP0bd4ZOtZqsq;2;
Eddie Thai;General Partner;500 Startups Vietnam ;https://vn.linkedin.com/in/edwardthai;https://www.google.com/search?q=%28intitle%3A%22%5B%27500+Startups%27%2C+%27%27%5D%22%29+site%3Alinkedin.com%2Fin%2F&source=hp&ei=XsiwYPyNIsnVrgSttrPQAQ&iflsig=AINFCbYAAAAAYLDWbh0wACG-CmWRu5KVP0bd4ZOtZqsq;3;
Christine Tsai;CEO and Founding Partner;500 Startups ...;https://www.linkedin.com/in/christinesltsai;https://www.google.com/search?q=%28intitle%3A%22%5B%27500+Startups%27%2C+%27%27%5D%22%29+site%3Alinkedin.com%2Fin%2F&source=hp&ei=XsiwYPyNIsnVrgSttrPQAQ&iflsig=AINFCbYAAAAAYLDWbh0wACG-CmWRu5KVP0bd4ZOtZqsq;4;
Khailee Ng;Managing Partner;500 Startups ;https://id.linkedin.com/in/khailee;https://www.google.com/search?q=%28intitle%3A%22%5B%27500+Startups%27%2C+%27%27%5D%22%29+site%3Alinkedin.com%2Fin%2F&source=hp&ei=XsiwYPyNIsnVrgSttrPQAQ&iflsig=AINFCbYAAAAAYLDWbh0wACG-CmWRu5KVP0bd4ZOtZqsq;5;
Yasemin Yılmaz;Owner;Syka Tourism & Cruiseinn Travel ...;https://gt.linkedin.com/in/yaseminyilmaz77/%7Bcountry%3Des%2C+language%3Des%7D?trk=people-guest_profile-result-card_result-card_full-click;https://www.google.com/search?q=%28intitle%3A%22%5B%27CruiseInn%27%2C+%27%27%5D%22%29+site%3Alinkedin.com%2Fin%2F&ei=sMiwYLvDF5GvrgS496-AAQ;1;
Yasemin Yılmaz;Owner;Syka Tourism & Cruiseinn Travel ...;https://gt.linkedin.com/in/yaseminyilmaz77/%7Bcountry%3Des%2C+language%3Des%7D?trk=people-guest_profile-result-card_result-card_full-click;https://www.google.com/search?q=%28intitle%3A%22%5B%27CruiseInn%27%2C+%27%27%5D%22%29+site%3Alinkedin.com%2Fin%2F&ei=sMiwYLvDF5GvrgS496-AAQ;1;
Yasemin Yılmaz;Owner;Syka Tourism ...;https://se.linkedin.com/in/yaseminyilmaz77/%7Bcountry%3Dse%2C+language%3Dsv%7D?trk=people-guest_profile-result-card_result-card_full-click;https://www.google.com/search?q=%28intitle%3A%22%5B%27CruiseInn%27%2C+%27%27%5D%22%29+site%3Alinkedin.com%2Fin%2F&ei=sMiwYLvDF5GvrgS496-AAQ;2;
Sharon Graner;Owner;The Kennel Club LAX ;https://www.linkedin.com/in/sharon-graner-492b223b;https://www.google.com/search?q=%28intitle%3A%22%5B%27Kennel+Club+LAX%27%2C+%27%27%5D%22%29+site%3Alinkedin.com%2Fin%2F&ei=usiwYPiKOKGrrgSroKPQBw;1;
Andrew Fleming;Sales Specialist;Norwood Sawmills ...;https://ca.linkedin.com/in/andrew-fleming-09738797;https://www.google.com/search?q=%28intitle%3A%22%5B%27Norwood+Sawmills%27%2C+%27%27%5D%22%29+site%3Alinkedin.com%2Fin%2F&ei=yMiwYOGwKamwrgSPtr3wAw;1;
Andrew Fleming;Sales Specialist;Norwood Sawmills ...;https://ca.linkedin.com/in/andrew-fleming-09738797;https://www.google.com/search?q=%28intitle%3A%22%5B%27Norwood+Sawmills%27%2C+%27%27%5D%22%29+site%3Alinkedin.com%2Fin%2F&ei=yMiwYOGwKamwrgSPtr3wAw;1;
Tom Owens;Sales and Service Specialist;Norwood ...;https://ca.linkedin.com/in/tom-owens-394908b2;https://www.google.com/search?q=%28intitle%3A%22%5B%27Norwood+Sawmills%27%2C+%27%27%5D%22%29+site%3Alinkedin.com%2Fin%2F&ei=yMiwYOGwKamwrgSPtr3wAw;2;
Shawn Broussard;CEO;Service First Mortgage ;https://www.linkedin.com/in/shawn-broussard-80402414;https://www.google.com/search?q=%28intitle%3A%22%5B%27Service+First+Mortgage%27%2C+%27%27%5D%22%29+site%3Alinkedin.com%2Fin%2F&ei=1siwYNeQDcvergT8oKy4Ag;1;
Shawn Broussard;CEO;Service First Mortgage ;https://www.linkedin.com/in/shawn-broussard-80402414;https://www.google.com/search?q=%28intitle%3A%22%5B%27Service+First+Mortgage%27%2C+%27%27%5D%22%29+site%3Alinkedin.com%2Fin%2F&ei=1siwYNeQDcvergT8oKy4Ag;1;
Mandi Wilson;Sr. Loan Officer;Service First Mortgage ...;https://www.linkedin.com/in/mandi-wilson-79b11585;https://www.google.com/search?q=%28intitle%3A%22%5B%27Service+First+Mortgage%27%2C+%27%27%5D%22%29+site%3Alinkedin.com%2Fin%2F&ei=1siwYNeQDcvergT8oKy4Ag;2;
Shawn Broussard;CEO;Service First Mortgage ;https://www.linkedin.com/in/shawn-broussard-80402414;https://www.google.com/search?q=%28intitle%3A%22%5B%27Service+First+Mortgage%27%2C+%27%27%5D%22%29+site%3Alinkedin.com%2Fin%2F&ei=1siwYNeQDcvergT8oKy4Ag;1;
Mandi Wilson;Sr. Loan Officer;Service First Mortgage ...;https://www.linkedin.com/in/mandi-wilson-79b11585;https://www.google.com/search?q=%28intitle%3A%22%5B%27Service+First+Mortgage%27%2C+%27%27%5D%22%29+site%3Alinkedin.com%2Fin%2F&ei=1siwYNeQDcvergT8oKy4Ag;2;
Kevin Copher;Loan Officer;Service First Mortgage ;https://www.linkedin.com/in/kevin-copher-5aa77511;https://www.google.com/search?q=%28intitle%3A%22%5B%27Service+First+Mortgage%27%2C+%27%27%5D%22%29+site%3Alinkedin.com%2Fin%2F&ei=1siwYNeQDcvergT8oKy4Ag;3;
Shawn Broussard;CEO;Service First Mortgage ;https://www.linkedin.com/in/shawn-broussard-80402414;https://www.google.com/search?q=%28intitle%3A%22%5B%27Service+First+Mortgage%27%2C+%27%27%5D%22%29+site%3Alinkedin.com%2Fin%2F&ei=1siwYNeQDcvergT8oKy4Ag;1;
Mandi Wilson;Sr. Loan Officer;Service First Mortgage ...;https://www.linkedin.com/in/mandi-wilson-79b11585;https://www.google.com/search?q=%28intitle%3A%22%5B%27Service+First+Mortgage%27%2C+%27%27%5D%22%29+site%3Alinkedin.com%2Fin%2F&ei=1siwYNeQDcvergT8oKy4Ag;2;
Kevin Copher;Loan Officer;Service First Mortgage ;https://www.linkedin.com/in/kevin-copher-5aa77511;https://www.google.com/search?q=%28intitle%3A%22%5B%27Service+First+Mortgage%27%2C+%27%27%5D%22%29+site%3Alinkedin.com%2Fin%2F&ei=1siwYNeQDcvergT8oKy4Ag;3;
Liz Hoyle;Sr. Loan Officer;Service First Mortgage Corp ...;https://www.linkedin.com/in/liz-hoyle-4957986;https://www.google.com/search?q=%28intitle%3A%22%5B%27Service+First+Mortgage%27%2C+%27%27%5D%22%29+site%3Alinkedin.com%2Fin%2F&ei=1siwYNeQDcvergT8oKy4Ag;4;
Shawn Broussard;CEO;Service First Mortgage ;https://www.linkedin.com/in/shawn-broussard-80402414;https://www.google.com/search?q=%28intitle%3A%22%5B%27Service+First+Mortgage%27%2C+%27%27%5D%22%29+site%3Alinkedin.com%2Fin%2F&ei=1siwYNeQDcvergT8oKy4Ag;1;
Mandi Wilson;Sr. Loan Officer;Service First Mortgage ...;https://www.linkedin.com/in/mandi-wilson-79b11585;https://www.google.com/search?q=%28intitle%3A%22%5B%27Service+First+Mortgage%27%2C+%27%27%5D%22%29+site%3Alinkedin.com%2Fin%2F&ei=1siwYNeQDcvergT8oKy4Ag;2;
Kevin Copher;Loan Officer;Service First Mortgage ;https://www.linkedin.com/in/kevin-copher-5aa77511;https://www.google.com/search?q=%28intitle%3A%22%5B%27Service+First+Mortgage%27%2C+%27%27%5D%22%29+site%3Alinkedin.com%2Fin%2F&ei=1siwYNeQDcvergT8oKy4Ag;3;
Liz Hoyle;Sr. Loan Officer;Service First Mortgage Corp ...;https://www.linkedin.com/in/liz-hoyle-4957986;https://www.google.com/search?q=%28intitle%3A%22%5B%27Service+First+Mortgage%27%2C+%27%27%5D%22%29+site%3Alinkedin.com%2Fin%2F&ei=1siwYNeQDcvergT8oKy4Ag;4;
Diana Gonzalez;Talent Development Manager;Service First ...;https://www.linkedin.com/in/diana-gonzalez-43391a52;https://www.google.com/search?q=%28intitle%3A%22%5B%27Service+First+Mortgage%27%2C+%27%27%5D%22%29+site%3Alinkedin.com%2Fin%2F&ei=1siwYNeQDcvergT8oKy4Ag;5;
Shawn Broussard;CEO;Service First Mortgage ;https://www.linkedin.com/in/shawn-broussard-80402414;https://www.google.com/search?q=%28intitle%3A%22%5B%27Service+First+Mortgage%27%2C+%27%27%5D%22%29+site%3Alinkedin.com%2Fin%2F&ei=1siwYNeQDcvergT8oKy4Ag;1;
Mandi Wilson;Sr. Loan Officer;Service First Mortgage ...;https://www.linkedin.com/in/mandi-wilson-79b11585;https://www.google.com/search?q=%28intitle%3A%22%5B%27Service+First+Mortgage%27%2C+%27%27%5D%22%29+site%3Alinkedin.com%2Fin%2F&ei=1siwYNeQDcvergT8oKy4Ag;2;
Kevin Copher;Loan Officer;Service First Mortgage ;https://www.linkedin.com/in/kevin-copher-5aa77511;https://www.google.com/search?q=%28intitle%3A%22%5B%27Service+First+Mortgage%27%2C+%27%27%5D%22%29+site%3Alinkedin.com%2Fin%2F&ei=1siwYNeQDcvergT8oKy4Ag;3;
Liz Hoyle;Sr. Loan Officer;Service First Mortgage Corp ...;https://www.linkedin.com/in/liz-hoyle-4957986;https://www.google.com/search?q=%28intitle%3A%22%5B%27Service+First+Mortgage%27%2C+%27%27%5D%22%29+site%3Alinkedin.com%2Fin%2F&ei=1siwYNeQDcvergT8oKy4Ag;4;
Diana Gonzalez;Talent Development Manager;Service First ...;https://www.linkedin.com/in/diana-gonzalez-43391a52;https://www.google.com/search?q=%28intitle%3A%22%5B%27Service+First+Mortgage%27%2C+%27%27%5D%22%29+site%3Alinkedin.com%2Fin%2F&ei=1siwYNeQDcvergT8oKy4Ag;5;
Alexis Arroyo;Loan Officer;Service First Mortgage ;https://www.linkedin.com/in/alexis-arroyo0911;https://www.google.com/search?q=%28intitle%3A%22%5B%27Service+First+Mortgage%27%2C+%27%27%5D%22%29+site%3Alinkedin.com%2Fin%2F&ei=1siwYNeQDcvergT8oKy4Ag;6;
Mark Hookey;CEO;DemystData ;https://www.linkedin.com/in/markhookey;https://www.google.com/search?q=%28intitle%3A%22%5B%27DemystData%27%2C+%27%27%5D%22%29+site%3Alinkedin.com%2Fin%2F&ei=4MiwYObwM_qTwPAP55e9qAE;1;
Mark Hookey;CEO;DemystData ;https://www.linkedin.com/in/markhookey;https://www.google.com/search?q=%28intitle%3A%22%5B%27DemystData%27%2C+%27%27%5D%22%29+site%3Alinkedin.com%2Fin%2F&ei=4MiwYObwM_qTwPAP55e9qAE;1;
Brenden Grace;Chief Technology Officer;DemystData ...;https://www.linkedin.com/in/brendengrace;https://www.google.com/search?q=%28intitle%3A%22%5B%27DemystData%27%2C+%27%27%5D%22%29+site%3Alinkedin.com%2Fin%2F&ei=4MiwYObwM_qTwPAP55e9qAE;2;
Mark Hookey;CEO;DemystData ;https://www.linkedin.com/in/markhookey;https://www.google.com/search?q=%28intitle%3A%22%5B%27DemystData%27%2C+%27%27%5D%22%29+site%3Alinkedin.com%2Fin%2F&ei=4MiwYObwM_qTwPAP55e9qAE;1;
Brenden Grace;Chief Technology Officer;DemystData ...;https://www.linkedin.com/in/brendengrace;https://www.google.com/search?q=%28intitle%3A%22%5B%27DemystData%27%2C+%27%27%5D%22%29+site%3Alinkedin.com%2Fin%2F&ei=4MiwYObwM_qTwPAP55e9qAE;2;
Jake Moore;Chief Customer Officer;DemystData ;https://www.linkedin.com/in/jakeotismoore;https://www.google.com/search?q=%28intitle%3A%22%5B%27DemystData%27%2C+%27%27%5D%22%29+site%3Alinkedin.com%2Fin%2F&ei=4MiwYObwM_qTwPAP55e9qAE;3;
Mark Hookey;CEO;DemystData ;https://www.linkedin.com/in/markhookey;https://www.google.com/search?q=%28intitle%3A%22%5B%27DemystData%27%2C+%27%27%5D%22%29+site%3Alinkedin.com%2Fin%2F&ei=4MiwYObwM_qTwPAP55e9qAE;1;
Brenden Grace;Chief Technology Officer;DemystData ...;https://www.linkedin.com/in/brendengrace;https://www.google.com/search?q=%28intitle%3A%22%5B%27DemystData%27%2C+%27%27%5D%22%29+site%3Alinkedin.com%2Fin%2F&ei=4MiwYObwM_qTwPAP55e9qAE;2;
Jake Moore;Chief Customer Officer;DemystData ;https://www.linkedin.com/in/jakeotismoore;https://www.google.com/search?q=%28intitle%3A%22%5B%27DemystData%27%2C+%27%27%5D%22%29+site%3Alinkedin.com%2Fin%2F&ei=4MiwYObwM_qTwPAP55e9qAE;3;
Jerry Maloney;Chief Financial Officer;DemystData ;https://www.linkedin.com/in/jerry-maloney-07a20a1a5;https://www.google.com/search?q=%28intitle%3A%22%5B%27DemystData%27%2C+%27%27%5D%22%29+site%3Alinkedin.com%2Fin%2F&ei=4MiwYObwM_qTwPAP55e9qAE;4;
Nick McMillan;Operations Director;The Contents Specialists ...;https://www.linkedin.com/in/nick-mcmillan-0a218381;https://www.google.com/search?q=%28intitle%3A%22%5B%27The+Contents+Specialists%27%2C+%27%27%5D%22%29+site%3Alinkedin.com%2Fin%2F&ei=98iwYMnsO4-GwPAPlv6UsAY;1;
Nick McMillan;Operations Director;The Contents Specialists ...;https://www.linkedin.com/in/nick-mcmillan-0a218381;https://www.google.com/search?q=%28intitle%3A%22%5B%27The+Contents+Specialists%27%2C+%27%27%5D%22%29+site%3Alinkedin.com%2Fin%2F&ei=98iwYMnsO4-GwPAPlv6UsAY;1;
Kevin Jones;Chief Executive Officer;The Contents ...;https://www.linkedin.com/in/kevinjonesceo;https://www.google.com/search?q=%28intitle%3A%22%5B%27The+Contents+Specialists%27%2C+%27%27%5D%22%29+site%3Alinkedin.com%2Fin%2F&ei=98iwYMnsO4-GwPAPlv6UsAY;2;
Nick McMillan;Operations Director;The Contents Specialists ...;https://www.linkedin.com/in/nick-mcmillan-0a218381;https://www.google.com/search?q=%28intitle%3A%22%5B%27The+Contents+Specialists%27%2C+%27%27%5D%22%29+site%3Alinkedin.com%2Fin%2F&ei=98iwYMnsO4-GwPAPlv6UsAY;1;
Kevin Jones;Chief Executive Officer;The Contents ...;https://www.linkedin.com/in/kevinjonesceo;https://www.google.com/search?q=%28intitle%3A%22%5B%27The+Contents+Specialists%27%2C+%27%27%5D%22%29+site%3Alinkedin.com%2Fin%2F&ei=98iwYMnsO4-GwPAPlv6UsAY;2;
Lior Abada, PMP;Owner & CEO At The Contents Specialists ...; ;https://www.linkedin.com/in/liorabada;https://www.google.com/search?q=%28intitle%3A%22%5B%27The+Contents+Specialists%27%2C+%27%27%5D%22%29+site%3Alinkedin.com%2Fin%2F&ei=98iwYMnsO4-GwPAPlv6UsAY;3;
Nick McMillan;Operations Director;The Contents Specialists ...;https://www.linkedin.com/in/nick-mcmillan-0a218381;https://www.google.com/search?q=%28intitle%3A%22%5B%27The+Contents+Specialists%27%2C+%27%27%5D%22%29+site%3Alinkedin.com%2Fin%2F&ei=98iwYMnsO4-GwPAPlv6UsAY;1;
Kevin Jones;Chief Executive Officer;The Contents ...;https://www.linkedin.com/in/kevinjonesceo;https://www.google.com/search?q=%28intitle%3A%22%5B%27The+Contents+Specialists%27%2C+%27%27%5D%22%29+site%3Alinkedin.com%2Fin%2F&ei=98iwYMnsO4-GwPAPlv6UsAY;2;
Lior Abada, PMP;Owner & CEO At The Contents Specialists ...; ;https://www.linkedin.com/in/liorabada;https://www.google.com/search?q=%28intitle%3A%22%5B%27The+Contents+Specialists%27%2C+%27%27%5D%22%29+site%3Alinkedin.com%2Fin%2F&ei=98iwYMnsO4-GwPAPlv6UsAY;3;
Eido Einav;Chief Operations Officer;The Contents ...;https://www.linkedin.com/in/eido-einav-34a1912b;https://www.google.com/search?q=%28intitle%3A%22%5B%27The+Contents+Specialists%27%2C+%27%27%5D%22%29+site%3Alinkedin.com%2Fin%2F&ei=98iwYMnsO4-GwPAPlv6UsAY;4;
Nick McMillan;Operations Director;The Contents Specialists ...;https://www.linkedin.com/in/nick-mcmillan-0a218381;https://www.google.com/search?q=%28intitle%3A%22%5B%27The+Contents+Specialists%27%2C+%27%27%5D%22%29+site%3Alinkedin.com%2Fin%2F&ei=98iwYMnsO4-GwPAPlv6UsAY;1;
Kevin Jones;Chief Executive Officer;The Contents ...;https://www.linkedin.com/in/kevinjonesceo;https://www.google.com/search?q=%28intitle%3A%22%5B%27The+Contents+Specialists%27%2C+%27%27%5D%22%29+site%3Alinkedin.com%2Fin%2F&ei=98iwYMnsO4-GwPAPlv6UsAY;2;
Lior Abada, PMP;Owner & CEO At The Contents Specialists ...; ;https://www.linkedin.com/in/liorabada;https://www.google.com/search?q=%28intitle%3A%22%5B%27The+Contents+Specialists%27%2C+%27%27%5D%22%29+site%3Alinkedin.com%2Fin%2F&ei=98iwYMnsO4-GwPAPlv6UsAY;3;
Eido Einav;Chief Operations Officer;The Contents ...;https://www.linkedin.com/in/eido-einav-34a1912b;https://www.google.com/search?q=%28intitle%3A%22%5B%27The+Contents+Specialists%27%2C+%27%27%5D%22%29+site%3Alinkedin.com%2Fin%2F&ei=98iwYMnsO4-GwPAPlv6UsAY;4;
Joshua Schwartz;Chief Operating Officer / Integrator;The ...;https://www.linkedin.com/in/joshua-schwartz-738ba75a;https://www.google.com/search?q=%28intitle%3A%22%5B%27The+Contents+Specialists%27%2C+%27%27%5D%22%29+site%3Alinkedin.com%2Fin%2F&ei=98iwYMnsO4-GwPAPlv6UsAY;5;
Ahndrea Blue;CEO;Making A Difference Foundation ...;https://www.linkedin.com/in/ahndrea-blue-b196624;https://www.google.com/search?q=%28intitle%3A%22%5B%27Making+A+Difference+foundation%27%2C+%27%27%5D%22%29+site%3Alinkedin.com%2Fin%2F&ei=BMmwYPLkH-WMrgSwyKQ4;1;
Abhinav Asthana;Founder and CEO;Postman ;https://www.linkedin.com/in/abhinavasthana;https://www.google.com/search?q=%28intitle%3A%22%5B%27Postman%27%2C+%27%27%5D%22%29+site%3Alinkedin.com%2Fin%2F&ei=K8mwYMmjMqyprgTNt4aQDg;1;
Abhinav Asthana;Founder and CEO;Postman ;https://www.linkedin.com/in/abhinavasthana;https://www.google.com/search?q=%28intitle%3A%22%5B%27Postman%27%2C+%27%27%5D%22%29+site%3Alinkedin.com%2Fin%2F&ei=K8mwYMmjMqyprgTNt4aQDg;1;
Ankit Sobti;Founder and CTO;Postman ;https://in.linkedin.com/in/ankit-sobti;https://www.google.com/search?q=%28intitle%3A%22%5B%27Postman%27%2C+%27%27%5D%22%29+site%3Alinkedin.com%2Fin%2F&ei=K8mwYMmjMqyprgTNt4aQDg;2;
Abhinav Asthana;Founder and CEO;Postman ;https://www.linkedin.com/in/abhinavasthana;https://www.google.com/search?q=%28intitle%3A%22%5B%27Postman%27%2C+%27%27%5D%22%29+site%3Alinkedin.com%2Fin%2F&ei=K8mwYMmjMqyprgTNt4aQDg;1;
Ankit Sobti;Founder and CTO;Postman ;https://in.linkedin.com/in/ankit-sobti;https://www.google.com/search?q=%28intitle%3A%22%5B%27Postman%27%2C+%27%27%5D%22%29+site%3Alinkedin.com%2Fin%2F&ei=K8mwYMmjMqyprgTNt4aQDg;2;
Ryan Reynolds;Manager, Sales;Postman ;https://www.linkedin.com/in/postmanplatform;https://www.google.com/search?q=%28intitle%3A%22%5B%27Postman%27%2C+%27%27%5D%22%29+site%3Alinkedin.com%2Fin%2F&ei=K8mwYMmjMqyprgTNt4aQDg;3;
Aaron Fletcher;Founder;The Fletcher Method ;https://www.linkedin.com/in/fletchmonster;https://www.google.com/search?q=%28intitle%3A%22%5B%27The+Fletcher+Method%27%2C+%27%27%5D%22%29+site%3Alinkedin.com%2Fin%2F&ei=lcqwYJjrOveTwPAPu66F8AM;1;
Aaron Fletcher;Founder;The Fletcher Method ;https://www.linkedin.com/in/fletchmonster;https://www.google.com/search?q=%28intitle%3A%22%5B%27The+Fletcher+Method%27%2C+%27%27%5D%22%29+site%3Alinkedin.com%2Fin%2F&ei=lcqwYJjrOveTwPAPu66F8AM;1;
Grace Escalicas;Virtual Assistant;The Fletcher Method ...;https://ph.linkedin.com/in/grace-escalicas-781505143;https://www.google.com/search?q=%28intitle%3A%22%5B%27The+Fletcher+Method%27%2C+%27%27%5D%22%29+site%3Alinkedin.com%2Fin%2F&ei=lcqwYJjrOveTwPAPu66F8AM;2;
Aneela Nawaz;Accounts Officer.;xoop ;https://pk.linkedin.com/in/aneela-nawaz-b06626b9;https://www.google.com/search?q=%28intitle%3A%22%5B%27Xoop%27%2C+%27%27%5D%22%29+site%3Alinkedin.com%2Fin%2F&ei=r8qwYKH5LsGurgTjrILYBw;1;
Lou Ziebold;Partner;Southeastern Tool and Design ;https://www.linkedin.com/in/lou-ziebold-b7a5685;https://www.google.com/search?q=%28intitle%3A%22%5B%27Southeastern+Tool+and+Design%27%2C+%27%27%5D%22%29+site%3Alinkedin.com%2Fin%2F&ei=zcqwYKncEOeJrwTExrzYDw;1;
Justin Eberle;President & Owner;Brute Force Training ...;https://www.linkedin.com/in/justineberle;https://www.google.com/search?q=%28intitle%3A%22%5B%27Brute+Force+Training%27%2C+%27%27%5D%22%29+site%3Alinkedin.com%2Fin%2F&ei=18qwYLnRD42trgSa4qOAAQ;1;
Justin Eberle;President & Owner;Brute Force Training ...;https://www.linkedin.com/in/justineberle;https://www.google.com/search?q=%28intitle%3A%22%5B%27Brute+Force+Training%27%2C+%27%27%5D%22%29+site%3Alinkedin.com%2Fin%2F&ei=18qwYLnRD42trgSa4qOAAQ;1;
Keith Burns;Owner, Brute Force Sandbags;LinkedIn;https://www.linkedin.com/in/keith-burns-73614871;https://www.google.com/search?q=%28intitle%3A%22%5B%27Brute+Force+Training%27%2C+%27%27%5D%22%29+site%3Alinkedin.com%2Fin%2F&ei=18qwYLnRD42trgSa4qOAAQ;2;
Justin Eberle;President & Owner;Brute Force Training ...;https://www.linkedin.com/in/justineberle;https://www.google.com/search?q=%28intitle%3A%22%5B%27Brute+Force+Training%27%2C+%27%27%5D%22%29+site%3Alinkedin.com%2Fin%2F&ei=18qwYLnRD42trgSa4qOAAQ;1;
Keith Burns;Owner, Brute Force Sandbags;LinkedIn;https://www.linkedin.com/in/keith-burns-73614871;https://www.google.com/search?q=%28intitle%3A%22%5B%27Brute+Force+Training%27%2C+%27%27%5D%22%29+site%3Alinkedin.com%2Fin%2F&ei=18qwYLnRD42trgSa4qOAAQ;2;
Jason Mitchell;Office Helper;Brute Force Training ;https://www.linkedin.com/in/jason-mitchell-996538203;https://www.google.com/search?q=%28intitle%3A%22%5B%27Brute+Force+Training%27%2C+%27%27%5D%22%29+site%3Alinkedin.com%2Fin%2F&ei=18qwYLnRD42trgSa4qOAAQ;3;
Jim Bennett;Owner;The Window Works ;https://www.linkedin.com/in/jim-bennett-1948a714;https://www.google.com/search?q=%28intitle%3A%22%5B%27Window+Works%27%2C+%27%27%5D%22%29+site%3Alinkedin.com%2Fin%2F&ei=8sqwYM2cFvqNwPAPjt6ouAU;1;
Jim Bennett;Owner;The Window Works ;https://www.linkedin.com/in/jim-bennett-1948a714;https://www.google.com/search?q=%28intitle%3A%22%5B%27Window+Works%27%2C+%27%27%5D%22%29+site%3Alinkedin.com%2Fin%2F&ei=8sqwYM2cFvqNwPAPjt6ouAU;1;
Morgan Reay;CEO Bavarian Group of Companies;Bavarian ...;https://ca.linkedin.com/in/morgan-reay-b9427170;https://www.google.com/search?q=%28intitle%3A%22%5B%27Window+Works%27%2C+%27%27%5D%22%29+site%3Alinkedin.com%2Fin%2F&ei=8sqwYM2cFvqNwPAPjt6ouAU;2;
Jim Bennett;Owner;The Window Works ;https://www.linkedin.com/in/jim-bennett-1948a714;https://www.google.com/search?q=%28intitle%3A%22%5B%27Window+Works%27%2C+%27%27%5D%22%29+site%3Alinkedin.com%2Fin%2F&ei=8sqwYM2cFvqNwPAPjt6ouAU;1;
Morgan Reay;CEO Bavarian Group of Companies;Bavarian ...;https://ca.linkedin.com/in/morgan-reay-b9427170;https://www.google.com/search?q=%28intitle%3A%22%5B%27Window+Works%27%2C+%27%27%5D%22%29+site%3Alinkedin.com%2Fin%2F&ei=8sqwYM2cFvqNwPAPjt6ouAU;2;
Window Works;Owner;The Window Works LLC ;https://www.linkedin.com/in/window-works-20365726;https://www.google.com/search?q=%28intitle%3A%22%5B%27Window+Works%27%2C+%27%27%5D%22%29+site%3Alinkedin.com%2Fin%2F&ei=8sqwYM2cFvqNwPAPjt6ouAU;3;
Jim Bennett;Owner;The Window Works ;https://www.linkedin.com/in/jim-bennett-1948a714;https://www.google.com/search?q=%28intitle%3A%22%5B%27Window+Works%27%2C+%27%27%5D%22%29+site%3Alinkedin.com%2Fin%2F&ei=8sqwYM2cFvqNwPAPjt6ouAU;1;
Morgan Reay;CEO Bavarian Group of Companies;Bavarian ...;https://ca.linkedin.com/in/morgan-reay-b9427170;https://www.google.com/search?q=%28intitle%3A%22%5B%27Window+Works%27%2C+%27%27%5D%22%29+site%3Alinkedin.com%2Fin%2F&ei=8sqwYM2cFvqNwPAPjt6ouAU;2;
Window Works;Owner;The Window Works LLC ;https://www.linkedin.com/in/window-works-20365726;https://www.google.com/search?q=%28intitle%3A%22%5B%27Window+Works%27%2C+%27%27%5D%22%29+site%3Alinkedin.com%2Fin%2F&ei=8sqwYM2cFvqNwPAPjt6ouAU;3;
Larry Johnson;Owner/Proprietor;Fresh Air Window Works ...;https://www.linkedin.com/in/larry-johnson-2a28318;https://www.google.com/search?q=%28intitle%3A%22%5B%27Window+Works%27%2C+%27%27%5D%22%29+site%3Alinkedin.com%2Fin%2F&ei=8sqwYM2cFvqNwPAPjt6ouAU;4;
Jim Bennett;Owner;The Window Works ;https://www.linkedin.com/in/jim-bennett-1948a714;https://www.google.com/search?q=%28intitle%3A%22%5B%27Window+Works%27%2C+%27%27%5D%22%29+site%3Alinkedin.com%2Fin%2F&ei=8sqwYM2cFvqNwPAPjt6ouAU;1;
Morgan Reay;CEO Bavarian Group of Companies;Bavarian ...;https://ca.linkedin.com/in/morgan-reay-b9427170;https://www.google.com/search?q=%28intitle%3A%22%5B%27Window+Works%27%2C+%27%27%5D%22%29+site%3Alinkedin.com%2Fin%2F&ei=8sqwYM2cFvqNwPAPjt6ouAU;2;
Window Works;Owner;The Window Works LLC ;https://www.linkedin.com/in/window-works-20365726;https://www.google.com/search?q=%28intitle%3A%22%5B%27Window+Works%27%2C+%27%27%5D%22%29+site%3Alinkedin.com%2Fin%2F&ei=8sqwYM2cFvqNwPAPjt6ouAU;3;
Larry Johnson;Owner/Proprietor;Fresh Air Window Works ...;https://www.linkedin.com/in/larry-johnson-2a28318;https://www.google.com/search?q=%28intitle%3A%22%5B%27Window+Works%27%2C+%27%27%5D%22%29+site%3Alinkedin.com%2Fin%2F&ei=8sqwYM2cFvqNwPAPjt6ouAU;4;
Catherine Quinto;Office Administrator and Showroom ...; ;https://www.linkedin.com/in/catherine-quinto;https://www.google.com/search?q=%28intitle%3A%22%5B%27Window+Works%27%2C+%27%27%5D%22%29+site%3Alinkedin.com%2Fin%2F&ei=8sqwYM2cFvqNwPAPjt6ouAU;5;
Jonathan Robinson;Owner;Little Professor Bookshop ...;https://www.linkedin.com/in/jdrobin1;https://www.google.com/search?q=%28intitle%3A%22%5B%27Little+Professor%27%2C+%27%27%5D%22%29+site%3Alinkedin.com%2Fin%2F&ei=D8uwYP7bKObrrgThwKKoDw;1;
Farhat shaikh;Owner;Any Lab Test Now ;https://www.linkedin.com/in/farhat-shaikh-02937a28;https://www.google.com/search?q=%28intitle%3A%22%5B%27Any+Lab+Test+Now%27%2C+%27%27%5D%22%29+site%3Alinkedin.com%2Fin%2F&ei=F8uwYJL0NOfIrgSxooegDA;1;
Farhat shaikh;Owner;Any Lab Test Now ;https://www.linkedin.com/in/farhat-shaikh-02937a28;https://www.google.com/search?q=%28intitle%3A%22%5B%27Any+Lab+Test+Now%27%2C+%27%27%5D%22%29+site%3Alinkedin.com%2Fin%2F&ei=F8uwYJL0NOfIrgSxooegDA;1;
Chris Arneson;Co Owner;Any Lab Test Now Tucson ...;https://www.linkedin.com/in/chris-arneson-686b64b;https://www.google.com/search?q=%28intitle%3A%22%5B%27Any+Lab+Test+Now%27%2C+%27%27%5D%22%29+site%3Alinkedin.com%2Fin%2F&ei=F8uwYJL0NOfIrgSxooegDA;2;
Farhat shaikh;Owner;Any Lab Test Now ;https://www.linkedin.com/in/farhat-shaikh-02937a28;https://www.google.com/search?q=%28intitle%3A%22%5B%27Any+Lab+Test+Now%27%2C+%27%27%5D%22%29+site%3Alinkedin.com%2Fin%2F&ei=F8uwYJL0NOfIrgSxooegDA;1;
Chris Arneson;Co Owner;Any Lab Test Now Tucson ...;https://www.linkedin.com/in/chris-arneson-686b64b;https://www.google.com/search?q=%28intitle%3A%22%5B%27Any+Lab+Test+Now%27%2C+%27%27%5D%22%29+site%3Alinkedin.com%2Fin%2F&ei=F8uwYJL0NOfIrgSxooegDA;2;
Patrick Staar;Owner;Any Lab Test Now ;https://www.linkedin.com/in/patrickstaar;https://www.google.com/search?q=%28intitle%3A%22%5B%27Any+Lab+Test+Now%27%2C+%27%27%5D%22%29+site%3Alinkedin.com%2Fin%2F&ei=F8uwYJL0NOfIrgSxooegDA;3;
Farhat shaikh;Owner;Any Lab Test Now ;https://www.linkedin.com/in/farhat-shaikh-02937a28;https://www.google.com/search?q=%28intitle%3A%22%5B%27Any+Lab+Test+Now%27%2C+%27%27%5D%22%29+site%3Alinkedin.com%2Fin%2F&ei=F8uwYJL0NOfIrgSxooegDA;1;
Chris Arneson;Co Owner;Any Lab Test Now Tucson ...;https://www.linkedin.com/in/chris-arneson-686b64b;https://www.google.com/search?q=%28intitle%3A%22%5B%27Any+Lab+Test+Now%27%2C+%27%27%5D%22%29+site%3Alinkedin.com%2Fin%2F&ei=F8uwYJL0NOfIrgSxooegDA;2;
Patrick Staar;Owner;Any Lab Test Now ;https://www.linkedin.com/in/patrickstaar;https://www.google.com/search?q=%28intitle%3A%22%5B%27Any+Lab+Test+Now%27%2C+%27%27%5D%22%29+site%3Alinkedin.com%2Fin%2F&ei=F8uwYJL0NOfIrgSxooegDA;3;
Franck Weill;Owner;Drug Testing ;https://www.linkedin.com/in/anylabtestnowbocaraton;https://www.google.com/search?q=%28intitle%3A%22%5B%27Any+Lab+Test+Now%27%2C+%27%27%5D%22%29+site%3Alinkedin.com%2Fin%2F&ei=F8uwYJL0NOfIrgSxooegDA;4;
Roshan Paul;Co-Founder and Board Member;Amani ...;https://in.linkedin.com/in/roshanjpaul;https://www.google.com/search?q=%28intitle%3A%22%5B%27Amani+Institute%27%2C+%27%27%5D%22%29+site%3Alinkedin.com%2Fin%2F&ei=JsuwYJPrENH9rgT18KZI;1;
Roshan Paul;Co-Founder and Board Member;Amani ...;https://in.linkedin.com/in/roshanjpaul;https://www.google.com/search?q=%28intitle%3A%22%5B%27Amani+Institute%27%2C+%27%27%5D%22%29+site%3Alinkedin.com%2Fin%2F&ei=JsuwYJPrENH9rgT18KZI;1;
Joseph Tsongo;Founder and CEO at Amani-Institute ASBL ...; ;https://www.linkedin.com/in/joseph-tsongo-5a430585;https://www.google.com/search?q=%28intitle%3A%22%5B%27Amani+Institute%27%2C+%27%27%5D%22%29+site%3Alinkedin.com%2Fin%2F&ei=JsuwYJPrENH9rgT18KZI;2;
Roshan Paul;Co-Founder and Board Member;Amani ...;https://in.linkedin.com/in/roshanjpaul;https://www.google.com/search?q=%28intitle%3A%22%5B%27Amani+Institute%27%2C+%27%27%5D%22%29+site%3Alinkedin.com%2Fin%2F&ei=JsuwYJPrENH9rgT18KZI;1;
Joseph Tsongo;Founder and CEO at Amani-Institute ASBL ...; ;https://www.linkedin.com/in/joseph-tsongo-5a430585;https://www.google.com/search?q=%28intitle%3A%22%5B%27Amani+Institute%27%2C+%27%27%5D%22%29+site%3Alinkedin.com%2Fin%2F&ei=JsuwYJPrENH9rgT18KZI;2;
Daniel Bennett;Chief Executive Officer;Amani Institute ...;https://www.linkedin.com/in/daniel-bennett-1b111335;https://www.google.com/search?q=%28intitle%3A%22%5B%27Amani+Institute%27%2C+%27%27%5D%22%29+site%3Alinkedin.com%2Fin%2F&ei=JsuwYJPrENH9rgT18KZI;3;
Lilian Nyonjo;Managing Director;Synergy Business ...;https://uk.linkedin.com/in/lilian-nyonjo-276281102;https://www.google.com/search?q=%28intitle%3A%22%5B%27Synergy+business+Development+ltd%27%2C+%27%27%5D%22%29+site%3Alinkedin.com%2Fin%2F&ei=W8uwYPqzNs23rgS_uJSYCg;1;
Charlene Kidd;Sales And Marketing Specialist;KetoLogic ...;https://www.linkedin.com/in/charlene-kidd-a6bb57166;https://www.google.com/search?q=%28intitle%3A%22%5B%27KetoLogic%27%2C+%27%27%5D%22%29+site%3Alinkedin.com%2Fin%2F&ei=ZsuwYPyhIfL2qwHBmIToCA;1;
Charlene Kidd;Sales And Marketing Specialist;KetoLogic ...;https://www.linkedin.com/in/charlene-kidd-a6bb57166;https://www.google.com/search?q=%28intitle%3A%22%5B%27KetoLogic%27%2C+%27%27%5D%22%29+site%3Alinkedin.com%2Fin%2F&ei=ZsuwYPyhIfL2qwHBmIToCA;1;
James Walser;CEO (Ketologic, FBOMB, Primaforce ...; ;https://www.linkedin.com/in/jameswalser;https://www.google.com/search?q=%28intitle%3A%22%5B%27KetoLogic%27%2C+%27%27%5D%22%29+site%3Alinkedin.com%2Fin%2F&ei=ZsuwYPyhIfL2qwHBmIToCA;2;
Nandor Kadlok;Partner;Equinox Consulting Kft. ;https://hu.linkedin.com/in/nandorkadlok;https://www.google.com/search?q=%28intitle%3A%22%5B%27Equinox+Consulting%27%2C+%27%27%5D%22%29+site%3Alinkedin.com%2Fin%2F&ei=mcuwYI-RDurHrgS5hrCgBw;1;
Nandor Kadlok;Partner;Equinox Consulting Kft. ;https://hu.linkedin.com/in/nandorkadlok;https://www.google.com/search?q=%28intitle%3A%22%5B%27Equinox+Consulting%27%2C+%27%27%5D%22%29+site%3Alinkedin.com%2Fin%2F&ei=mcuwYI-RDurHrgS5hrCgBw;1;
Vijay Prakash Tiwari;Managing Director;La Equinox ...;https://in.linkedin.com/in/vijay-prakash-tiwari-a40b40b;https://www.google.com/search?q=%28intitle%3A%22%5B%27Equinox+Consulting%27%2C+%27%27%5D%22%29+site%3Alinkedin.com%2Fin%2F&ei=mcuwYI-RDurHrgS5hrCgBw;2;
Nandor Kadlok;Partner;Equinox Consulting Kft. ;https://hu.linkedin.com/in/nandorkadlok;https://www.google.com/search?q=%28intitle%3A%22%5B%27Equinox+Consulting%27%2C+%27%27%5D%22%29+site%3Alinkedin.com%2Fin%2F&ei=mcuwYI-RDurHrgS5hrCgBw;1;
Vijay Prakash Tiwari;Managing Director;La Equinox ...;https://in.linkedin.com/in/vijay-prakash-tiwari-a40b40b;https://www.google.com/search?q=%28intitle%3A%22%5B%27Equinox+Consulting%27%2C+%27%27%5D%22%29+site%3Alinkedin.com%2Fin%2F&ei=mcuwYI-RDurHrgS5hrCgBw;2;
Willliam (Bill) Hipps;Founder, Principal Consultant;Equinox ...;https://www.linkedin.com/in/billhipps;https://www.google.com/search?q=%28intitle%3A%22%5B%27Equinox+Consulting%27%2C+%27%27%5D%22%29+site%3Alinkedin.com%2Fin%2F&ei=mcuwYI-RDurHrgS5hrCgBw;3;
Nandor Kadlok;Partner;Equinox Consulting Kft. ;https://hu.linkedin.com/in/nandorkadlok;https://www.google.com/search?q=%28intitle%3A%22%5B%27Equinox+Consulting%27%2C+%27%27%5D%22%29+site%3Alinkedin.com%2Fin%2F&ei=mcuwYI-RDurHrgS5hrCgBw;1;
Vijay Prakash Tiwari;Managing Director;La Equinox ...;https://in.linkedin.com/in/vijay-prakash-tiwari-a40b40b;https://www.google.com/search?q=%28intitle%3A%22%5B%27Equinox+Consulting%27%2C+%27%27%5D%22%29+site%3Alinkedin.com%2Fin%2F&ei=mcuwYI-RDurHrgS5hrCgBw;2;
Willliam (Bill) Hipps;Founder, Principal Consultant;Equinox ...;https://www.linkedin.com/in/billhipps;https://www.google.com/search?q=%28intitle%3A%22%5B%27Equinox+Consulting%27%2C+%27%27%5D%22%29+site%3Alinkedin.com%2Fin%2F&ei=mcuwYI-RDurHrgS5hrCgBw;3;
Kunal Salunkhe;Founder & Consultant;Equinox Consulting ...;https://in.linkedin.com/in/kunal-salunkhe-248959109;https://www.google.com/search?q=%28intitle%3A%22%5B%27Equinox+Consulting%27%2C+%27%27%5D%22%29+site%3Alinkedin.com%2Fin%2F&ei=mcuwYI-RDurHrgS5hrCgBw;4;
Cary Daniel;Co-Founder & CEO;Nextaff ;https://www.linkedin.com/in/carydaniel;https://www.google.com/search?q=%28intitle%3A%22%5B%27Nextaff%27%2C+%27%27%5D%22%29+site%3Alinkedin.com%2Fin%2F&ei=uMuwYP2wOuKmrgSvgriADw;1;
Cary Daniel;Co-Founder & CEO;Nextaff ;https://www.linkedin.com/in/carydaniel;https://www.google.com/search?q=%28intitle%3A%22%5B%27Nextaff%27%2C+%27%27%5D%22%29+site%3Alinkedin.com%2Fin%2F&ei=uMuwYP2wOuKmrgSvgriADw;1;
James Windmiller;Chief Operating Officer / Co-Founder ...; ;https://www.linkedin.com/in/jwindmiller;https://www.google.com/search?q=%28intitle%3A%22%5B%27Nextaff%27%2C+%27%27%5D%22%29+site%3Alinkedin.com%2Fin%2F&ei=uMuwYP2wOuKmrgSvgriADw;2;
Cary Daniel;Co-Founder & CEO;Nextaff ;https://www.linkedin.com/in/carydaniel;https://www.google.com/search?q=%28intitle%3A%22%5B%27Nextaff%27%2C+%27%27%5D%22%29+site%3Alinkedin.com%2Fin%2F&ei=uMuwYP2wOuKmrgSvgriADw;1;
James Windmiller;Chief Operating Officer / Co-Founder ...; ;https://www.linkedin.com/in/jwindmiller;https://www.google.com/search?q=%28intitle%3A%22%5B%27Nextaff%27%2C+%27%27%5D%22%29+site%3Alinkedin.com%2Fin%2F&ei=uMuwYP2wOuKmrgSvgriADw;2;
Yenifer Soto Vera;Recruiter;Nextaff ;https://www.linkedin.com/in/yenifer-soto-vera-97b27b1b0;https://www.google.com/search?q=%28intitle%3A%22%5B%27Nextaff%27%2C+%27%27%5D%22%29+site%3Alinkedin.com%2Fin%2F&ei=uMuwYP2wOuKmrgSvgriADw;3;
Brad Arnold;VP of Operations;Millwood Inc ;https://www.linkedin.com/in/brad-arnold-b7628a14;https://www.google.com/search?q=%28intitle%3A%22%5B%27Millwood%2C+Inc.%27%2C+%27%27%5D%22%29+site%3Alinkedin.com%2Fin%2F&ei=x8uwYMKYCcWWjgbu36fwCQ;1;
Brad Arnold;VP of Operations;Millwood Inc ;https://www.linkedin.com/in/brad-arnold-b7628a14;https://www.google.com/search?q=%28intitle%3A%22%5B%27Millwood%2C+Inc.%27%2C+%27%27%5D%22%29+site%3Alinkedin.com%2Fin%2F&ei=x8uwYMKYCcWWjgbu36fwCQ;1;
Lee Evans;Mgr- Stategic Sourcing;Millwood Inc ;https://www.linkedin.com/in/lee-evans-19682b5b;https://www.google.com/search?q=%28intitle%3A%22%5B%27Millwood%2C+Inc.%27%2C+%27%27%5D%22%29+site%3Alinkedin.com%2Fin%2F&ei=x8uwYMKYCcWWjgbu36fwCQ;2;
Brad Arnold;VP of Operations;Millwood Inc ;https://www.linkedin.com/in/brad-arnold-b7628a14;https://www.google.com/search?q=%28intitle%3A%22%5B%27Millwood%2C+Inc.%27%2C+%27%27%5D%22%29+site%3Alinkedin.com%2Fin%2F&ei=x8uwYMKYCcWWjgbu36fwCQ;1;
Lee Evans;Mgr- Stategic Sourcing;Millwood Inc ;https://www.linkedin.com/in/lee-evans-19682b5b;https://www.google.com/search?q=%28intitle%3A%22%5B%27Millwood%2C+Inc.%27%2C+%27%27%5D%22%29+site%3Alinkedin.com%2Fin%2F&ei=x8uwYMKYCcWWjgbu36fwCQ;2;
Chad McConnell;Strategic Sourcing Manager;Millwood, Inc ...;https://www.linkedin.com/in/chad-mcconnell-7049a043;https://www.google.com/search?q=%28intitle%3A%22%5B%27Millwood%2C+Inc.%27%2C+%27%27%5D%22%29+site%3Alinkedin.com%2Fin%2F&ei=x8uwYMKYCcWWjgbu36fwCQ;3;
Brad Arnold;VP of Operations;Millwood Inc ;https://www.linkedin.com/in/brad-arnold-b7628a14;https://www.google.com/search?q=%28intitle%3A%22%5B%27Millwood%2C+Inc.%27%2C+%27%27%5D%22%29+site%3Alinkedin.com%2Fin%2F&ei=x8uwYMKYCcWWjgbu36fwCQ;1;
Lee Evans;Mgr- Stategic Sourcing;Millwood Inc ;https://www.linkedin.com/in/lee-evans-19682b5b;https://www.google.com/search?q=%28intitle%3A%22%5B%27Millwood%2C+Inc.%27%2C+%27%27%5D%22%29+site%3Alinkedin.com%2Fin%2F&ei=x8uwYMKYCcWWjgbu36fwCQ;2;
Chad McConnell;Strategic Sourcing Manager;Millwood, Inc ...;https://www.linkedin.com/in/chad-mcconnell-7049a043;https://www.google.com/search?q=%28intitle%3A%22%5B%27Millwood%2C+Inc.%27%2C+%27%27%5D%22%29+site%3Alinkedin.com%2Fin%2F&ei=x8uwYMKYCcWWjgbu36fwCQ;3;
Dave Sabo;Regional Sales Manager;Millwood Inc ;https://www.linkedin.com/in/dave-sabo-01882044;https://www.google.com/search?q=%28intitle%3A%22%5B%27Millwood%2C+Inc.%27%2C+%27%27%5D%22%29+site%3Alinkedin.com%2Fin%2F&ei=x8uwYMKYCcWWjgbu36fwCQ;4;
Brad Arnold;VP of Operations;Millwood Inc ;https://www.linkedin.com/in/brad-arnold-b7628a14;https://www.google.com/search?q=%28intitle%3A%22%5B%27Millwood%2C+Inc.%27%2C+%27%27%5D%22%29+site%3Alinkedin.com%2Fin%2F&ei=x8uwYMKYCcWWjgbu36fwCQ;1;
Lee Evans;Mgr- Stategic Sourcing;Millwood Inc ;https://www.linkedin.com/in/lee-evans-19682b5b;https://www.google.com/search?q=%28intitle%3A%22%5B%27Millwood%2C+Inc.%27%2C+%27%27%5D%22%29+site%3Alinkedin.com%2Fin%2F&ei=x8uwYMKYCcWWjgbu36fwCQ;2;
Chad McConnell;Strategic Sourcing Manager;Millwood, Inc ...;https://www.linkedin.com/in/chad-mcconnell-7049a043;https://www.google.com/search?q=%28intitle%3A%22%5B%27Millwood%2C+Inc.%27%2C+%27%27%5D%22%29+site%3Alinkedin.com%2Fin%2F&ei=x8uwYMKYCcWWjgbu36fwCQ;3;
Dave Sabo;Regional Sales Manager;Millwood Inc ;https://www.linkedin.com/in/dave-sabo-01882044;https://www.google.com/search?q=%28intitle%3A%22%5B%27Millwood%2C+Inc.%27%2C+%27%27%5D%22%29+site%3Alinkedin.com%2Fin%2F&ei=x8uwYMKYCcWWjgbu36fwCQ;4;
Kristi Waid;Sourcing Manager;Millwood, Inc. Packaging ...;https://www.linkedin.com/in/kristi-waid-26b15344;https://www.google.com/search?q=%28intitle%3A%22%5B%27Millwood%2C+Inc.%27%2C+%27%27%5D%22%29+site%3Alinkedin.com%2Fin%2F&ei=x8uwYMKYCcWWjgbu36fwCQ;5;
Jonny Britton;CEO;LandTech ;https://uk.linkedin.com/in/jonnybritton;https://www.google.com/search?q=%28intitle%3A%22%5B%27LandTech%27%2C+%27%27%5D%22%29+site%3Alinkedin.com%2Fin%2F&ei=1MuwYIyyOZHxrwTzgLHACQ;1;
Jonny Britton;CEO;LandTech ;https://uk.linkedin.com/in/jonnybritton;https://www.google.com/search?q=%28intitle%3A%22%5B%27LandTech%27%2C+%27%27%5D%22%29+site%3Alinkedin.com%2Fin%2F&ei=1MuwYIyyOZHxrwTzgLHACQ;1;
Jonathan Dempster;Recruiter;LandTech ;https://uk.linkedin.com/in/jonathan-dempster-528b77197;https://www.google.com/search?q=%28intitle%3A%22%5B%27LandTech%27%2C+%27%27%5D%22%29+site%3Alinkedin.com%2Fin%2F&ei=1MuwYIyyOZHxrwTzgLHACQ;2;
Anna Stakina;Talent Acquisition Manager;GNP Agency ...;https://ru.linkedin.com/in/anna-stakina-b6a920177;https://www.google.com/search?q=%28intitle%3A%22%5B%27GNP+Agency%27%2C+%27%27%5D%22%29+site%3Alinkedin.com%2Fin%2F&ei=4cuwYMf0MML8qwG49aXQBQ;1;
Yong H Kim;CEO;Glorra Studios, LLC ;https://www.linkedin.com/in/yong-h-kim-94b265122;https://www.google.com/search?q=%28intitle%3A%22%5B%27Glorra+Studios%2C+LLC%27%2C+%27%27%5D%22%29+site%3Alinkedin.com%2Fin%2F&ei=F8ywYPqLFsvTrgSlybKwBQ;1;
Remington Begg;Chief Remarkable Officer;Impulse ...;https://www.linkedin.com/in/remingtonbegg;https://www.google.com/search?q=%28intitle%3A%22%5B%27Impulse+Creative%27%2C+%27%27%5D%22%29+site%3Alinkedin.com%2Fin%2F&ei=I8ywYK_cB8z9qwH_ua_YDA;1;
Remington Begg;Chief Remarkable Officer;Impulse ...;https://www.linkedin.com/in/remingtonbegg;https://www.google.com/search?q=%28intitle%3A%22%5B%27Impulse+Creative%27%2C+%27%27%5D%22%29+site%3Alinkedin.com%2Fin%2F&ei=I8ywYK_cB8z9qwH_ua_YDA;1;
Rachel Begg;Chief Operating Officer;Impulse Creative ...;https://www.linkedin.com/in/rachelbegg87;https://www.google.com/search?q=%28intitle%3A%22%5B%27Impulse+Creative%27%2C+%27%27%5D%22%29+site%3Alinkedin.com%2Fin%2F&ei=I8ywYK_cB8z9qwH_ua_YDA;2;
Remington Begg;Chief Remarkable Officer;Impulse ...;https://www.linkedin.com/in/remingtonbegg;https://www.google.com/search?q=%28intitle%3A%22%5B%27Impulse+Creative%27%2C+%27%27%5D%22%29+site%3Alinkedin.com%2Fin%2F&ei=I8ywYK_cB8z9qwH_ua_YDA;1;
Rachel Begg;Chief Operating Officer;Impulse Creative ...;https://www.linkedin.com/in/rachelbegg87;https://www.google.com/search?q=%28intitle%3A%22%5B%27Impulse+Creative%27%2C+%27%27%5D%22%29+site%3Alinkedin.com%2Fin%2F&ei=I8ywYK_cB8z9qwH_ua_YDA;2;
Justin Geiger;Co-Owner;Impulse Creative Group ;https://www.linkedin.com/in/justinmgeiger;https://www.google.com/search?q=%28intitle%3A%22%5B%27Impulse+Creative%27%2C+%27%27%5D%22%29+site%3Alinkedin.com%2Fin%2F&ei=I8ywYK_cB8z9qwH_ua_YDA;3;
Richard Hohn;Security Officer;Point Security Company ...;https://www.linkedin.com/in/richard-hohn-6aa12a95;https://www.google.com/search?q=%28intitle%3A%22%5B%27Point+Security+Company%27%2C+%27%27%5D%22%29+site%3Alinkedin.com%2Fin%2F&ei=LMywYPawO66OrwTQmJToBQ;1;
Lenora Flores;President/Owner;Dynamic Dental Staffing ...;https://www.linkedin.com/in/lenora-flores-05b524155;https://www.google.com/search?q=%28intitle%3A%22%5B%27Dynamic+Dental+Staffing+Solutions%27%2C+%27%27%5D%22%29+site%3Alinkedin.com%2Fin%2F&ei=OsywYOIr4aquBJXViqAE;1;
Keith Hanson;Founder and CEO;RateYourSeats.com ...;https://www.linkedin.com/in/keith-hanson-9337837;https://www.google.com/search?q=%28intitle%3A%22%5B%27RateYourSeats.com%27%2C+%27%27%5D%22%29+site%3Alinkedin.com%2Fin%2F&ei=ZMywYOysEaqyrgSR7L_gCw;1;
Lori Chaney;VP of Field Sales;Creative Learning Systems ...;https://www.linkedin.com/in/lori-chaney-680aa111;https://www.google.com/search?q=%28intitle%3A%22%5B%27Creative+Learning+Systems%27%2C+%27%27%5D%22%29+site%3Alinkedin.com%2Fin%2F&ei=cMywYNiMEKGsrgSBjY_wBw;1;
Lori Chaney;VP of Field Sales;Creative Learning Systems ...;https://www.linkedin.com/in/lori-chaney-680aa111;https://www.google.com/search?q=%28intitle%3A%22%5B%27Creative+Learning+Systems%27%2C+%27%27%5D%22%29+site%3Alinkedin.com%2Fin%2F&ei=cMywYNiMEKGsrgSBjY_wBw;1;
Josh Nelson;Regional Sales Manager;Creative Learning ...;https://www.linkedin.com/in/josh-nelson-ab3460b6;https://www.google.com/search?q=%28intitle%3A%22%5B%27Creative+Learning+Systems%27%2C+%27%27%5D%22%29+site%3Alinkedin.com%2Fin%2F&ei=cMywYNiMEKGsrgSBjY_wBw;2;
Cameron Thompson;Principal Owner;FETCH! PET CARE ...;https://www.linkedin.com/in/robertcameronthompson;https://www.google.com/search?q=%28intitle%3A%22%5B%27Fetch%21+Pet+Care%27%2C+%27%27%5D%22%29+site%3Alinkedin.com%2Fin%2F&ei=h8ywYPj_I8vnrgSXzJ34CA;1;
Cameron Thompson;Principal Owner;FETCH! PET CARE ...;https://www.linkedin.com/in/robertcameronthompson;https://www.google.com/search?q=%28intitle%3A%22%5B%27Fetch%21+Pet+Care%27%2C+%27%27%5D%22%29+site%3Alinkedin.com%2Fin%2F&ei=h8ywYPj_I8vnrgSXzJ34CA;1;
Robyn Greene;Owner;Fetch! Pet Care ;https://www.linkedin.com/in/robyngreene;https://www.google.com/search?q=%28intitle%3A%22%5B%27Fetch%21+Pet+Care%27%2C+%27%27%5D%22%29+site%3Alinkedin.com%2Fin%2F&ei=h8ywYPj_I8vnrgSXzJ34CA;2;
Cameron Thompson;Principal Owner;FETCH! PET CARE ...;https://www.linkedin.com/in/robertcameronthompson;https://www.google.com/search?q=%28intitle%3A%22%5B%27Fetch%21+Pet+Care%27%2C+%27%27%5D%22%29+site%3Alinkedin.com%2Fin%2F&ei=h8ywYPj_I8vnrgSXzJ34CA;1;
Robyn Greene;Owner;Fetch! Pet Care ;https://www.linkedin.com/in/robyngreene;https://www.google.com/search?q=%28intitle%3A%22%5B%27Fetch%21+Pet+Care%27%2C+%27%27%5D%22%29+site%3Alinkedin.com%2Fin%2F&ei=h8ywYPj_I8vnrgSXzJ34CA;2;
Marie Kibler;Owner;FETCH! PET CARE ;https://www.linkedin.com/in/marie-kibler-564b0b65;https://www.google.com/search?q=%28intitle%3A%22%5B%27Fetch%21+Pet+Care%27%2C+%27%27%5D%22%29+site%3Alinkedin.com%2Fin%2F&ei=h8ywYPj_I8vnrgSXzJ34CA;3;
Cameron Thompson;Principal Owner;FETCH! PET CARE ...;https://www.linkedin.com/in/robertcameronthompson;https://www.google.com/search?q=%28intitle%3A%22%5B%27Fetch%21+Pet+Care%27%2C+%27%27%5D%22%29+site%3Alinkedin.com%2Fin%2F&ei=h8ywYPj_I8vnrgSXzJ34CA;1;
Robyn Greene;Owner;Fetch! Pet Care ;https://www.linkedin.com/in/robyngreene;https://www.google.com/search?q=%28intitle%3A%22%5B%27Fetch%21+Pet+Care%27%2C+%27%27%5D%22%29+site%3Alinkedin.com%2Fin%2F&ei=h8ywYPj_I8vnrgSXzJ34CA;2;
Marie Kibler;Owner;FETCH! PET CARE ;https://www.linkedin.com/in/marie-kibler-564b0b65;https://www.google.com/search?q=%28intitle%3A%22%5B%27Fetch%21+Pet+Care%27%2C+%27%27%5D%22%29+site%3Alinkedin.com%2Fin%2F&ei=h8ywYPj_I8vnrgSXzJ34CA;3;
Erin Huizar;Owner and General Manager;FETCH! PET ...;https://www.linkedin.com/in/fetchhinsdale;https://www.google.com/search?q=%28intitle%3A%22%5B%27Fetch%21+Pet+Care%27%2C+%27%27%5D%22%29+site%3Alinkedin.com%2Fin%2F&ei=h8ywYPj_I8vnrgSXzJ34CA;4;
Cameron Thompson;Principal Owner;FETCH! PET CARE ...;https://www.linkedin.com/in/robertcameronthompson;https://www.google.com/search?q=%28intitle%3A%22%5B%27Fetch%21+Pet+Care%27%2C+%27%27%5D%22%29+site%3Alinkedin.com%2Fin%2F&ei=h8ywYPj_I8vnrgSXzJ34CA;1;
Robyn Greene;Owner;Fetch! Pet Care ;https://www.linkedin.com/in/robyngreene;https://www.google.com/search?q=%28intitle%3A%22%5B%27Fetch%21+Pet+Care%27%2C+%27%27%5D%22%29+site%3Alinkedin.com%2Fin%2F&ei=h8ywYPj_I8vnrgSXzJ34CA;2;
Marie Kibler;Owner;FETCH! PET CARE ;https://www.linkedin.com/in/marie-kibler-564b0b65;https://www.google.com/search?q=%28intitle%3A%22%5B%27Fetch%21+Pet+Care%27%2C+%27%27%5D%22%29+site%3Alinkedin.com%2Fin%2F&ei=h8ywYPj_I8vnrgSXzJ34CA;3;
Erin Huizar;Owner and General Manager;FETCH! PET ...;https://www.linkedin.com/in/fetchhinsdale;https://www.google.com/search?q=%28intitle%3A%22%5B%27Fetch%21+Pet+Care%27%2C+%27%27%5D%22%29+site%3Alinkedin.com%2Fin%2F&ei=h8ywYPj_I8vnrgSXzJ34CA;4;
Renee Lutz;Owner/General Manager;FETCH! PET CARE ...;https://www.linkedin.com/in/renee-lutz-b3879813;https://www.google.com/search?q=%28intitle%3A%22%5B%27Fetch%21+Pet+Care%27%2C+%27%27%5D%22%29+site%3Alinkedin.com%2Fin%2F&ei=h8ywYPj_I8vnrgSXzJ34CA;5;
Cameron Thompson;Principal Owner;FETCH! PET CARE ...;https://www.linkedin.com/in/robertcameronthompson;https://www.google.com/search?q=%28intitle%3A%22%5B%27Fetch%21+Pet+Care%27%2C+%27%27%5D%22%29+site%3Alinkedin.com%2Fin%2F&ei=h8ywYPj_I8vnrgSXzJ34CA;1;
Robyn Greene;Owner;Fetch! Pet Care ;https://www.linkedin.com/in/robyngreene;https://www.google.com/search?q=%28intitle%3A%22%5B%27Fetch%21+Pet+Care%27%2C+%27%27%5D%22%29+site%3Alinkedin.com%2Fin%2F&ei=h8ywYPj_I8vnrgSXzJ34CA;2;
Marie Kibler;Owner;FETCH! PET CARE ;https://www.linkedin.com/in/marie-kibler-564b0b65;https://www.google.com/search?q=%28intitle%3A%22%5B%27Fetch%21+Pet+Care%27%2C+%27%27%5D%22%29+site%3Alinkedin.com%2Fin%2F&ei=h8ywYPj_I8vnrgSXzJ34CA;3;
Erin Huizar;Owner and General Manager;FETCH! PET ...;https://www.linkedin.com/in/fetchhinsdale;https://www.google.com/search?q=%28intitle%3A%22%5B%27Fetch%21+Pet+Care%27%2C+%27%27%5D%22%29+site%3Alinkedin.com%2Fin%2F&ei=h8ywYPj_I8vnrgSXzJ34CA;4;
Renee Lutz;Owner/General Manager;FETCH! PET CARE ...;https://www.linkedin.com/in/renee-lutz-b3879813;https://www.google.com/search?q=%28intitle%3A%22%5B%27Fetch%21+Pet+Care%27%2C+%27%27%5D%22%29+site%3Alinkedin.com%2Fin%2F&ei=h8ywYPj_I8vnrgSXzJ34CA;5;
Joan Friedrich;Owner;Fetch! Pet Care ;https://www.linkedin.com/in/joanfriedrich;https://www.google.com/search?q=%28intitle%3A%22%5B%27Fetch%21+Pet+Care%27%2C+%27%27%5D%22%29+site%3Alinkedin.com%2Fin%2F&ei=h8ywYPj_I8vnrgSXzJ34CA;6;
Cameron Thompson;Principal Owner;FETCH! PET CARE ...;https://www.linkedin.com/in/robertcameronthompson;https://www.google.com/search?q=%28intitle%3A%22%5B%27Fetch%21+Pet+Care%27%2C+%27%27%5D%22%29+site%3Alinkedin.com%2Fin%2F&ei=h8ywYPj_I8vnrgSXzJ34CA;1;
Robyn Greene;Owner;Fetch! Pet Care ;https://www.linkedin.com/in/robyngreene;https://www.google.com/search?q=%28intitle%3A%22%5B%27Fetch%21+Pet+Care%27%2C+%27%27%5D%22%29+site%3Alinkedin.com%2Fin%2F&ei=h8ywYPj_I8vnrgSXzJ34CA;2;
Marie Kibler;Owner;FETCH! PET CARE ;https://www.linkedin.com/in/marie-kibler-564b0b65;https://www.google.com/search?q=%28intitle%3A%22%5B%27Fetch%21+Pet+Care%27%2C+%27%27%5D%22%29+site%3Alinkedin.com%2Fin%2F&ei=h8ywYPj_I8vnrgSXzJ34CA;3;
Erin Huizar;Owner and General Manager;FETCH! PET ...;https://www.linkedin.com/in/fetchhinsdale;https://www.google.com/search?q=%28intitle%3A%22%5B%27Fetch%21+Pet+Care%27%2C+%27%27%5D%22%29+site%3Alinkedin.com%2Fin%2F&ei=h8ywYPj_I8vnrgSXzJ34CA;4;
Renee Lutz;Owner/General Manager;FETCH! PET CARE ...;https://www.linkedin.com/in/renee-lutz-b3879813;https://www.google.com/search?q=%28intitle%3A%22%5B%27Fetch%21+Pet+Care%27%2C+%27%27%5D%22%29+site%3Alinkedin.com%2Fin%2F&ei=h8ywYPj_I8vnrgSXzJ34CA;5;
Joan Friedrich;Owner;Fetch! Pet Care ;https://www.linkedin.com/in/joanfriedrich;https://www.google.com/search?q=%28intitle%3A%22%5B%27Fetch%21+Pet+Care%27%2C+%27%27%5D%22%29+site%3Alinkedin.com%2Fin%2F&ei=h8ywYPj_I8vnrgSXzJ34CA;6;
Jay Barrett;Owner and General Manager;Fetch! Pet Care of ...;https://www.linkedin.com/in/fetchbirmingham;https://www.google.com/search?q=%28intitle%3A%22%5B%27Fetch%21+Pet+Care%27%2C+%27%27%5D%22%29+site%3Alinkedin.com%2Fin%2F&ei=h8ywYPj_I8vnrgSXzJ34CA;7;
Cameron Thompson;Principal Owner;FETCH! PET CARE ...;https://www.linkedin.com/in/robertcameronthompson;https://www.google.com/search?q=%28intitle%3A%22%5B%27Fetch%21+Pet+Care%27%2C+%27%27%5D%22%29+site%3Alinkedin.com%2Fin%2F&ei=h8ywYPj_I8vnrgSXzJ34CA;1;
Robyn Greene;Owner;Fetch! Pet Care ;https://www.linkedin.com/in/robyngreene;https://www.google.com/search?q=%28intitle%3A%22%5B%27Fetch%21+Pet+Care%27%2C+%27%27%5D%22%29+site%3Alinkedin.com%2Fin%2F&ei=h8ywYPj_I8vnrgSXzJ34CA;2;
Marie Kibler;Owner;FETCH! PET CARE ;https://www.linkedin.com/in/marie-kibler-564b0b65;https://www.google.com/search?q=%28intitle%3A%22%5B%27Fetch%21+Pet+Care%27%2C+%27%27%5D%22%29+site%3Alinkedin.com%2Fin%2F&ei=h8ywYPj_I8vnrgSXzJ34CA;3;
Erin Huizar;Owner and General Manager;FETCH! PET ...;https://www.linkedin.com/in/fetchhinsdale;https://www.google.com/search?q=%28intitle%3A%22%5B%27Fetch%21+Pet+Care%27%2C+%27%27%5D%22%29+site%3Alinkedin.com%2Fin%2F&ei=h8ywYPj_I8vnrgSXzJ34CA;4;
Renee Lutz;Owner/General Manager;FETCH! PET CARE ...;https://www.linkedin.com/in/renee-lutz-b3879813;https://www.google.com/search?q=%28intitle%3A%22%5B%27Fetch%21+Pet+Care%27%2C+%27%27%5D%22%29+site%3Alinkedin.com%2Fin%2F&ei=h8ywYPj_I8vnrgSXzJ34CA;5;
Joan Friedrich;Owner;Fetch! Pet Care ;https://www.linkedin.com/in/joanfriedrich;https://www.google.com/search?q=%28intitle%3A%22%5B%27Fetch%21+Pet+Care%27%2C+%27%27%5D%22%29+site%3Alinkedin.com%2Fin%2F&ei=h8ywYPj_I8vnrgSXzJ34CA;6;
Jay Barrett;Owner and General Manager;Fetch! Pet Care of ...;https://www.linkedin.com/in/fetchbirmingham;https://www.google.com/search?q=%28intitle%3A%22%5B%27Fetch%21+Pet+Care%27%2C+%27%27%5D%22%29+site%3Alinkedin.com%2Fin%2F&ei=h8ywYPj_I8vnrgSXzJ34CA;7;
Mike McMackin;Owner;Fetch! Pet Care of NW Atlanta ...;https://www.linkedin.com/in/mikemcmackin;https://www.google.com/search?q=%28intitle%3A%22%5B%27Fetch%21+Pet+Care%27%2C+%27%27%5D%22%29+site%3Alinkedin.com%2Fin%2F&ei=h8ywYPj_I8vnrgSXzJ34CA;8;
Michael Clementi;Owner;Chroma Colors, Inc. Painting and ...;https://www.linkedin.com/in/michael-clementi-29056648;https://www.google.com/search?q=%28intitle%3A%22%5B%27Chroma+Colors%27%2C+%27%27%5D%22%29+site%3Alinkedin.com%2Fin%2F&ei=kMywYK7tI-3GrgTBm6OoAw;1;
Michael Clementi;Owner;Chroma Colors, Inc. Painting and ...;https://www.linkedin.com/in/michael-clementi-29056648;https://www.google.com/search?q=%28intitle%3A%22%5B%27Chroma+Colors%27%2C+%27%27%5D%22%29+site%3Alinkedin.com%2Fin%2F&ei=kMywYK7tI-3GrgTBm6OoAw;1;
Patrick Speciale;Technical Sales Representative;Chroma ...;https://www.linkedin.com/in/patrick-speciale-6a0a733;https://www.google.com/search?q=%28intitle%3A%22%5B%27Chroma+Colors%27%2C+%27%27%5D%22%29+site%3Alinkedin.com%2Fin%2F&ei=kMywYK7tI-3GrgTBm6OoAw;2;
Alex Lucas;Executive Assistant;SpringBoard Healthcare ...;https://www.linkedin.com/in/alex-lucas-593aba95;https://www.google.com/search?q=%28intitle%3A%22%5B%27SpringBoard+Healthcare%27%2C+%27%27%5D%22%29+site%3Alinkedin.com%2Fin%2F&ei=u8ywYOzmNsLTrgT9mqWoDw;1;
Alex Lucas;Executive Assistant;SpringBoard Healthcare ...;https://www.linkedin.com/in/alex-lucas-593aba95;https://www.google.com/search?q=%28intitle%3A%22%5B%27SpringBoard+Healthcare%27%2C+%27%27%5D%22%29+site%3Alinkedin.com%2Fin%2F&ei=u8ywYOzmNsLTrgT9mqWoDw;1;
Rigoverto Alvarado;Relationship Manager+ Recruiter ...; ;https://www.linkedin.com/in/rigoverto-alvarado-b045a3b5;https://www.google.com/search?q=%28intitle%3A%22%5B%27SpringBoard+Healthcare%27%2C+%27%27%5D%22%29+site%3Alinkedin.com%2Fin%2F&ei=u8ywYOzmNsLTrgT9mqWoDw;2;
Alex Lucas;Executive Assistant;SpringBoard Healthcare ...;https://www.linkedin.com/in/alex-lucas-593aba95;https://www.google.com/search?q=%28intitle%3A%22%5B%27SpringBoard+Healthcare%27%2C+%27%27%5D%22%29+site%3Alinkedin.com%2Fin%2F&ei=u8ywYOzmNsLTrgT9mqWoDw;1;
Rigoverto Alvarado;Relationship Manager+ Recruiter ...; ;https://www.linkedin.com/in/rigoverto-alvarado-b045a3b5;https://www.google.com/search?q=%28intitle%3A%22%5B%27SpringBoard+Healthcare%27%2C+%27%27%5D%22%29+site%3Alinkedin.com%2Fin%2F&ei=u8ywYOzmNsLTrgT9mqWoDw;2;
Sean O'Donnell;Sales Operations Manager;SpringBoard ...;https://www.linkedin.com/in/seanmichaelodonnell;https://www.google.com/search?q=%28intitle%3A%22%5B%27SpringBoard+Healthcare%27%2C+%27%27%5D%22%29+site%3Alinkedin.com%2Fin%2F&ei=u8ywYOzmNsLTrgT9mqWoDw;3;
Alex Lucas;Executive Assistant;SpringBoard Healthcare ...;https://www.linkedin.com/in/alex-lucas-593aba95;https://www.google.com/search?q=%28intitle%3A%22%5B%27SpringBoard+Healthcare%27%2C+%27%27%5D%22%29+site%3Alinkedin.com%2Fin%2F&ei=u8ywYOzmNsLTrgT9mqWoDw;1;
Rigoverto Alvarado;Relationship Manager+ Recruiter ...; ;https://www.linkedin.com/in/rigoverto-alvarado-b045a3b5;https://www.google.com/search?q=%28intitle%3A%22%5B%27SpringBoard+Healthcare%27%2C+%27%27%5D%22%29+site%3Alinkedin.com%2Fin%2F&ei=u8ywYOzmNsLTrgT9mqWoDw;2;
Sean O'Donnell;Sales Operations Manager;SpringBoard ...;https://www.linkedin.com/in/seanmichaelodonnell;https://www.google.com/search?q=%28intitle%3A%22%5B%27SpringBoard+Healthcare%27%2C+%27%27%5D%22%29+site%3Alinkedin.com%2Fin%2F&ei=u8ywYOzmNsLTrgT9mqWoDw;3;
Catherine Pearson;General Counsel and Chief Operations ...; ;https://www.linkedin.com/in/catherine-pearson-0551b96;https://www.google.com/search?q=%28intitle%3A%22%5B%27SpringBoard+Healthcare%27%2C+%27%27%5D%22%29+site%3Alinkedin.com%2Fin%2F&ei=u8ywYOzmNsLTrgT9mqWoDw;4;
Ken KIM;Chief Executive Officer;Webtoon Entertainment Inc ...;https://www.linkedin.com/in/ken-kim-45952b113;https://www.google.com/search?q=%28intitle%3A%22%5B%27WEBTOON+Entertainment+Inc%27%2C+%27%27%5D%22%29+site%3Alinkedin.com%2Fin%2F&ei=18ywYNTMK-SArwStxIrgDQ;1;
John Hammersley;Founder and CEO;Overleaf (Writelatex ...;https://uk.linkedin.com/in/john-hammersley-6419a266;https://www.google.com/search?q=%28intitle%3A%22%5B%27Overleaf%27%2C+%27%27%5D%22%29+site%3Alinkedin.com%2Fin%2F&ei=48ywYJu_MYmcrgTB8Z6YBQ;1;
John Hammersley;Founder and CEO;Overleaf (Writelatex ...;https://uk.linkedin.com/in/john-hammersley-6419a266;https://www.google.com/search?q=%28intitle%3A%22%5B%27Overleaf%27%2C+%27%27%5D%22%29+site%3Alinkedin.com%2Fin%2F&ei=48ywYJu_MYmcrgTB8Z6YBQ;1;
Elizabeth Kluk;Institutional Sales Manager;Americas ...;https://www.linkedin.com/in/elizabeth-kluk-4b378a49;https://www.google.com/search?q=%28intitle%3A%22%5B%27Overleaf%27%2C+%27%27%5D%22%29+site%3Alinkedin.com%2Fin%2F&ei=48ywYJu_MYmcrgTB8Z6YBQ;2;
Jessica Doney;Diagnostic Sales Manager;Heska ...;https://www.linkedin.com/in/jessica-doney-80102113;https://www.google.com/search?q=%28intitle%3A%22%5B%27Heska+Corporation%27%2C+%27%27%5D%22%29+site%3Alinkedin.com%2Fin%2F&ei=8cywYN2jOOryqwGgvbigCw;1;
Tyler Smith;Founder;Lumi Labs ;https://www.linkedin.com/in/tyler-smith-85104a104;https://www.google.com/search?q=%28intitle%3A%22%5B%27Lumi+Labs%27%2C+%27%27%5D%22%29+site%3Alinkedin.com%2Fin%2F&ei=B82wYKHRLfGvrgSdoZCYAQ;1;
Chad Pytel;Founder and COO;thoughtbot ;https://www.linkedin.com/in/cpytel;https://www.google.com/search?q=%28intitle%3A%22%5B%27thoughtbot%27%2C+%27%27%5D%22%29+site%3Alinkedin.com%2Fin%2F&ei=Ec2wYJm0DYGxjgbd95zICA;1;
Chad Pytel;Founder and COO;thoughtbot ;https://www.linkedin.com/in/cpytel;https://www.google.com/search?q=%28intitle%3A%22%5B%27thoughtbot%27%2C+%27%27%5D%22%29+site%3Alinkedin.com%2Fin%2F&ei=Ec2wYJm0DYGxjgbd95zICA;1;
Josh Clayton;Managing Director, Boston;thoughtbot, inc ...;https://www.linkedin.com/in/joshuadclayton;https://www.google.com/search?q=%28intitle%3A%22%5B%27thoughtbot%27%2C+%27%27%5D%22%29+site%3Alinkedin.com%2Fin%2F&ei=Ec2wYJm0DYGxjgbd95zICA;2;
Chad Pytel;Founder and COO;thoughtbot ;https://www.linkedin.com/in/cpytel;https://www.google.com/search?q=%28intitle%3A%22%5B%27thoughtbot%27%2C+%27%27%5D%22%29+site%3Alinkedin.com%2Fin%2F&ei=Ec2wYJm0DYGxjgbd95zICA;1;
Josh Clayton;Managing Director, Boston;thoughtbot, inc ...;https://www.linkedin.com/in/joshuadclayton;https://www.google.com/search?q=%28intitle%3A%22%5B%27thoughtbot%27%2C+%27%27%5D%22%29+site%3Alinkedin.com%2Fin%2F&ei=Ec2wYJm0DYGxjgbd95zICA;2;
Diana Bald;Chief Executive Officer;thoughtbot ;https://www.linkedin.com/in/dianabald;https://www.google.com/search?q=%28intitle%3A%22%5B%27thoughtbot%27%2C+%27%27%5D%22%29+site%3Alinkedin.com%2Fin%2F&ei=Ec2wYJm0DYGxjgbd95zICA;3;
Siobhan Hanlon;Regional Sales Director at TES Global;Tes ...;https://uk.linkedin.com/in/siobhan-hanlon-ab593a2b;https://www.google.com/search?q=%28intitle%3A%22%5B%27Tes+Global%27%2C+%27%27%5D%22%29+site%3Alinkedin.com%2Fin%2F&ei=Ps2wYImULIKXjgaNlq2IDw;1;
Siobhan Hanlon;Regional Sales Director at TES Global;Tes ...;https://uk.linkedin.com/in/siobhan-hanlon-ab593a2b;https://www.google.com/search?q=%28intitle%3A%22%5B%27Tes+Global%27%2C+%27%27%5D%22%29+site%3Alinkedin.com%2Fin%2F&ei=Ps2wYImULIKXjgaNlq2IDw;1;
Greg Frost;Head of Operations;TES Global Limited ;https://uk.linkedin.com/in/greg-frost-61655212;https://www.google.com/search?q=%28intitle%3A%22%5B%27Tes+Global%27%2C+%27%27%5D%22%29+site%3Alinkedin.com%2Fin%2F&ei=Ps2wYImULIKXjgaNlq2IDw;2;
Nathan Corby;Chief Marketing Officer;The Elysium Club ...;https://mc.linkedin.com/in/nathan-corby-9a29a81a8;https://www.google.com/search?q=%28intitle%3A%22%5B%27The+Elysium+Club%27%2C+%27%27%5D%22%29+site%3Alinkedin.com%2Fin%2F&ei=Sc2wYLu-ONG4rgSG-KaYBg;1;
Nathan Corby;Chief Marketing Officer;The Elysium Club ...;https://mc.linkedin.com/in/nathan-corby-9a29a81a8;https://www.google.com/search?q=%28intitle%3A%22%5B%27The+Elysium+Club%27%2C+%27%27%5D%22%29+site%3Alinkedin.com%2Fin%2F&ei=Sc2wYLu-ONG4rgSG-KaYBg;1;
Rachel Corby;Chief Executive Officer;The Elysium Club ...;https://mc.linkedin.com/in/rachel-corby-1779431b5;https://www.google.com/search?q=%28intitle%3A%22%5B%27The+Elysium+Club%27%2C+%27%27%5D%22%29+site%3Alinkedin.com%2Fin%2F&ei=Sc2wYLu-ONG4rgSG-KaYBg;2;
Emily May;Co-Founder and Executive Director;Hollaback ...;https://www.linkedin.com/in/emilymay;https://www.google.com/search?q=%28intitle%3A%22%5B%27Hollaback%21%27%2C+%27%27%5D%22%29+site%3Alinkedin.com%2Fin%2F&ei=ds2wYJPtM8mIrwSy8aTACg;1;
Emily May;Co-Founder and Executive Director;Hollaback ...;https://www.linkedin.com/in/emilymay;https://www.google.com/search?q=%28intitle%3A%22%5B%27Hollaback%21%27%2C+%27%27%5D%22%29+site%3Alinkedin.com%2Fin%2F&ei=ds2wYJPtM8mIrwSy8aTACg;1;
Hollaback T. SLACK;Owner;BIGGER PICTURE ENT ...;https://www.linkedin.com/in/hollaback-t-slack-7605907;https://www.google.com/search?q=%28intitle%3A%22%5B%27Hollaback%21%27%2C+%27%27%5D%22%29+site%3Alinkedin.com%2Fin%2F&ei=ds2wYJPtM8mIrwSy8aTACg;2;
Emily May;Co-Founder and Executive Director;Hollaback ...;https://www.linkedin.com/in/emilymay;https://www.google.com/search?q=%28intitle%3A%22%5B%27Hollaback%21%27%2C+%27%27%5D%22%29+site%3Alinkedin.com%2Fin%2F&ei=ds2wYJPtM8mIrwSy8aTACg;1;
Hollaback T. SLACK;Owner;BIGGER PICTURE ENT ...;https://www.linkedin.com/in/hollaback-t-slack-7605907;https://www.google.com/search?q=%28intitle%3A%22%5B%27Hollaback%21%27%2C+%27%27%5D%22%29+site%3Alinkedin.com%2Fin%2F&ei=ds2wYJPtM8mIrwSy8aTACg;2;
Jorge Arteaga;Director Of Operations;Hollaback! ;https://www.linkedin.com/in/jorge-arteaga-b3a40b55/zh-tw;https://www.google.com/search?q=%28intitle%3A%22%5B%27Hollaback%21%27%2C+%27%27%5D%22%29+site%3Alinkedin.com%2Fin%2F&ei=ds2wYJPtM8mIrwSy8aTACg;3;
Alex Craig;Owner/CEO;Codex Group ;https://www.linkedin.com/in/alex-craig-30165916b;https://www.google.com/search?q=%28intitle%3A%22%5B%27Codex+Group%27%2C+%27%27%5D%22%29+site%3Alinkedin.com%2Fin%2F&ei=gM2wYL6sNYmTwPAPtfmbmAw;1;
Cira Saget;Executive Assistant;Body Sculpting By ...;https://www.linkedin.com/in/cira-saget-2106491b;https://www.google.com/search?q=%28intitle%3A%22%5B%27Body+Sculpting+by+Emmanuel%27%2C+%27%27%5D%22%29+site%3Alinkedin.com%2Fin%2F&ei=kM2wYISfDaX3qwG1hLtw;1;
Vlad Vahromovs;CEO;Intellectsoft ;https://www.linkedin.com/in/vvahromovs;https://www.google.com/search?q=%28intitle%3A%22%5B%27Intellectsoft%27%2C+%27%27%5D%22%29+site%3Alinkedin.com%2Fin%2F&ei=nc2wYL6bNMzWrgTW6IiQCg;1;
Vlad Vahromovs;CEO;Intellectsoft ;https://www.linkedin.com/in/vvahromovs;https://www.google.com/search?q=%28intitle%3A%22%5B%27Intellectsoft%27%2C+%27%27%5D%22%29+site%3Alinkedin.com%2Fin%2F&ei=nc2wYL6bNMzWrgTW6IiQCg;1;
Vlad Kirillov;Sales Director;Intellectsoft ;https://www.linkedin.com/in/vlad-kirillov-pm;https://www.google.com/search?q=%28intitle%3A%22%5B%27Intellectsoft%27%2C+%27%27%5D%22%29+site%3Alinkedin.com%2Fin%2F&ei=nc2wYL6bNMzWrgTW6IiQCg;2;
Vlad Vahromovs;CEO;Intellectsoft ;https://www.linkedin.com/in/vvahromovs;https://www.google.com/search?q=%28intitle%3A%22%5B%27Intellectsoft%27%2C+%27%27%5D%22%29+site%3Alinkedin.com%2Fin%2F&ei=nc2wYL6bNMzWrgTW6IiQCg;1;
Vlad Kirillov;Sales Director;Intellectsoft ;https://www.linkedin.com/in/vlad-kirillov-pm;https://www.google.com/search?q=%28intitle%3A%22%5B%27Intellectsoft%27%2C+%27%27%5D%22%29+site%3Alinkedin.com%2Fin%2F&ei=nc2wYL6bNMzWrgTW6IiQCg;2;
Alex O.;Chief Technical Officer;Intellectsoft ;https://www.linkedin.com/in/alex-o-204b84101;https://www.google.com/search?q=%28intitle%3A%22%5B%27Intellectsoft%27%2C+%27%27%5D%22%29+site%3Alinkedin.com%2Fin%2F&ei=nc2wYL6bNMzWrgTW6IiQCg;3;
Sumera Chhipa;Recruiter;KMS Holdings Inc ;https://www.linkedin.com/in/sumera-chhipa-a5b6b5169;https://www.google.com/search?q=%28intitle%3A%22%5B%27KMS+Holdings+Inc%27%2C+%27%27%5D%22%29+site%3Alinkedin.com%2Fin%2F&ei=ss2wYOzZHab1qwG5_JHIBA;1;
Sumera Chhipa;Recruiter;KMS Holdings Inc ;https://www.linkedin.com/in/sumera-chhipa-a5b6b5169;https://www.google.com/search?q=%28intitle%3A%22%5B%27KMS+Holdings+Inc%27%2C+%27%27%5D%22%29+site%3Alinkedin.com%2Fin%2F&ei=ss2wYOzZHab1qwG5_JHIBA;1;
So Kikuya;Chief Executive Officer;kms Holdings Inc. ;https://jp.linkedin.com/in/so-kikuya-a177b635;https://www.google.com/search?q=%28intitle%3A%22%5B%27KMS+Holdings+Inc%27%2C+%27%27%5D%22%29+site%3Alinkedin.com%2Fin%2F&ei=ss2wYOzZHab1qwG5_JHIBA;2;
Darryn Randle;Owner;DeVaran Technologies Inc ;https://www.linkedin.com/in/darryn-randle-5868673;https://www.google.com/search?q=%28intitle%3A%22%5B%27DeVaran+Technologies+Inc%27%2C+%27%27%5D%22%29+site%3Alinkedin.com%2Fin%2F&ei=v82wYKuMEqOsrgTBxLuoDw;1;
Sumari (Su) Mayor;Chief Operating Officer;DHX Electric ...;https://www.linkedin.com/in/sumari-mayor;https://www.google.com/search?q=%28intitle%3A%22%5B%27DHX+Electric+Machines%2C+Inc.%27%2C+%27%27%5D%22%29+site%3Alinkedin.com%2Fin%2F&ei=y82wYOTAK9aGwPAPqc2NIA;1;
Michael Morano;Regional Sales Manager;Terraboost ...;https://www.linkedin.com/in/michael-morano-b469172b;https://www.google.com/search?q=%28intitle%3A%22%5B%27Terraboost+Media%27%2C+%27%27%5D%22%29+site%3Alinkedin.com%2Fin%2F&ei=4c2wYJ2UOO3nrgTc2aqgCQ;1;
Michael Morano;Regional Sales Manager;Terraboost ...;https://www.linkedin.com/in/michael-morano-b469172b;https://www.google.com/search?q=%28intitle%3A%22%5B%27Terraboost+Media%27%2C+%27%27%5D%22%29+site%3Alinkedin.com%2Fin%2F&ei=4c2wYJ2UOO3nrgTc2aqgCQ;1;
Brett Morrison;Co-Founder & Executive Vice President ...; ;https://www.linkedin.com/in/brett-morrison-403a825;https://www.google.com/search?q=%28intitle%3A%22%5B%27Terraboost+Media%27%2C+%27%27%5D%22%29+site%3Alinkedin.com%2Fin%2F&ei=4c2wYJ2UOO3nrgTc2aqgCQ;2;
Michael Morano;Regional Sales Manager;Terraboost ...;https://www.linkedin.com/in/michael-morano-b469172b;https://www.google.com/search?q=%28intitle%3A%22%5B%27Terraboost+Media%27%2C+%27%27%5D%22%29+site%3Alinkedin.com%2Fin%2F&ei=4c2wYJ2UOO3nrgTc2aqgCQ;1;
Brett Morrison;Co-Founder & Executive Vice President ...; ;https://www.linkedin.com/in/brett-morrison-403a825;https://www.google.com/search?q=%28intitle%3A%22%5B%27Terraboost+Media%27%2C+%27%27%5D%22%29+site%3Alinkedin.com%2Fin%2F&ei=4c2wYJ2UOO3nrgTc2aqgCQ;2;
Trevor Carlson;VP Sales & Marketing;Terraboost Media ...;https://www.linkedin.com/in/trevor-carlson-51365965;https://www.google.com/search?q=%28intitle%3A%22%5B%27Terraboost+Media%27%2C+%27%27%5D%22%29+site%3Alinkedin.com%2Fin%2F&ei=4c2wYJ2UOO3nrgTc2aqgCQ;3;
Michael Morano;Regional Sales Manager;Terraboost ...;https://www.linkedin.com/in/michael-morano-b469172b;https://www.google.com/search?q=%28intitle%3A%22%5B%27Terraboost+Media%27%2C+%27%27%5D%22%29+site%3Alinkedin.com%2Fin%2F&ei=4c2wYJ2UOO3nrgTc2aqgCQ;1;
Brett Morrison;Co-Founder & Executive Vice President ...; ;https://www.linkedin.com/in/brett-morrison-403a825;https://www.google.com/search?q=%28intitle%3A%22%5B%27Terraboost+Media%27%2C+%27%27%5D%22%29+site%3Alinkedin.com%2Fin%2F&ei=4c2wYJ2UOO3nrgTc2aqgCQ;2;
Trevor Carlson;VP Sales & Marketing;Terraboost Media ...;https://www.linkedin.com/in/trevor-carlson-51365965;https://www.google.com/search?q=%28intitle%3A%22%5B%27Terraboost+Media%27%2C+%27%27%5D%22%29+site%3Alinkedin.com%2Fin%2F&ei=4c2wYJ2UOO3nrgTc2aqgCQ;3;
Kelly Drey;Sales Support Manager;Terraboost Media ...;https://www.linkedin.com/in/kelly-drey-3b40a564;https://www.google.com/search?q=%28intitle%3A%22%5B%27Terraboost+Media%27%2C+%27%27%5D%22%29+site%3Alinkedin.com%2Fin%2F&ei=4c2wYJ2UOO3nrgTc2aqgCQ;4;
Michael Morano;Regional Sales Manager;Terraboost ...;https://www.linkedin.com/in/michael-morano-b469172b;https://www.google.com/search?q=%28intitle%3A%22%5B%27Terraboost+Media%27%2C+%27%27%5D%22%29+site%3Alinkedin.com%2Fin%2F&ei=4c2wYJ2UOO3nrgTc2aqgCQ;1;
Brett Morrison;Co-Founder & Executive Vice President ...; ;https://www.linkedin.com/in/brett-morrison-403a825;https://www.google.com/search?q=%28intitle%3A%22%5B%27Terraboost+Media%27%2C+%27%27%5D%22%29+site%3Alinkedin.com%2Fin%2F&ei=4c2wYJ2UOO3nrgTc2aqgCQ;2;
Trevor Carlson;VP Sales & Marketing;Terraboost Media ...;https://www.linkedin.com/in/trevor-carlson-51365965;https://www.google.com/search?q=%28intitle%3A%22%5B%27Terraboost+Media%27%2C+%27%27%5D%22%29+site%3Alinkedin.com%2Fin%2F&ei=4c2wYJ2UOO3nrgTc2aqgCQ;3;
Kelly Drey;Sales Support Manager;Terraboost Media ...;https://www.linkedin.com/in/kelly-drey-3b40a564;https://www.google.com/search?q=%28intitle%3A%22%5B%27Terraboost+Media%27%2C+%27%27%5D%22%29+site%3Alinkedin.com%2Fin%2F&ei=4c2wYJ2UOO3nrgTc2aqgCQ;4;
Randi Zenna;Regional Sales Manager;Terraboost Media ...;https://www.linkedin.com/in/randi-zenna-a8a6011aa;https://www.google.com/search?q=%28intitle%3A%22%5B%27Terraboost+Media%27%2C+%27%27%5D%22%29+site%3Alinkedin.com%2Fin%2F&ei=4c2wYJ2UOO3nrgTc2aqgCQ;5;
Rich Van Setten;Owner/President;HWS, Inc. ;https://www.linkedin.com/in/rich-van-setten-85332461;https://www.google.com/search?q=%28intitle%3A%22%5B%27HWS+Inc%27%2C+%27%27%5D%22%29+site%3Alinkedin.com%2Fin%2F&ei=AM6wYJLzHMmPwPAP6pu-4Ag;1;
Rich Van Setten;Owner/President;HWS, Inc. ;https://www.linkedin.com/in/rich-van-setten-85332461;https://www.google.com/search?q=%28intitle%3A%22%5B%27HWS+Inc%27%2C+%27%27%5D%22%29+site%3Alinkedin.com%2Fin%2F&ei=AM6wYJLzHMmPwPAP6pu-4Ag;1;
Donald Hoffman;President/COO;HWS inc. ;https://www.linkedin.com/in/donald-hoffman-63722818a;https://www.google.com/search?q=%28intitle%3A%22%5B%27HWS+Inc%27%2C+%27%27%5D%22%29+site%3Alinkedin.com%2Fin%2F&ei=AM6wYJLzHMmPwPAP6pu-4Ag;2;
Virginia Dunlap;Office Manager;Brussell Exterminating ...;https://www.linkedin.com/in/virginia-dunlap-a391207b;https://www.google.com/search?q=%28intitle%3A%22%5B%27Brussell+Exterminating%27%2C+%27%27%5D%22%29+site%3Alinkedin.com%2Fin%2F&ei=hc6wYLDJKIfrrgT-6a6QDg;1;
Virginia Dunlap;Office Manager;Brussell Exterminating ...;https://www.linkedin.com/in/virginia-dunlap-a391207b;https://www.google.com/search?q=%28intitle%3A%22%5B%27Brussell+Exterminating%27%2C+%27%27%5D%22%29+site%3Alinkedin.com%2Fin%2F&ei=hc6wYLDJKIfrrgT-6a6QDg;1;
Evette Henry;Billing Specialist/Administrative Assistant ...; ;https://www.linkedin.com/in/evettelhenry;https://www.google.com/search?q=%28intitle%3A%22%5B%27Brussell+Exterminating%27%2C+%27%27%5D%22%29+site%3Alinkedin.com%2Fin%2F&ei=hc6wYLDJKIfrrgT-6a6QDg;2;
Andrew Lewis;CEO;DecisionIQ, Inc. ;https://www.linkedin.com/in/alewis7;https://www.google.com/search?q=%28intitle%3A%22%5B%27DecisionIQ%2C+Inc.%27%2C+%27%27%5D%22%29+site%3Alinkedin.com%2Fin%2F&ei=k86wYO-ZNtKwrgT_-JKIBQ;1;
Christy B.;Recruiter;Sharp Hires ;https://www.linkedin.com/in/christybsharphires;https://www.google.com/search?q=%28intitle%3A%22%5B%27Sharp+Hires%27%2C+%27%27%5D%22%29+site%3Alinkedin.com%2Fin%2F&ei=oc6wYJK4CNPVrgSHo71A;1;
Christy B.;Recruiter;Sharp Hires ;https://www.linkedin.com/in/christybsharphires;https://www.google.com/search?q=%28intitle%3A%22%5B%27Sharp+Hires%27%2C+%27%27%5D%22%29+site%3Alinkedin.com%2Fin%2F&ei=oc6wYJK4CNPVrgSHo71A;1;
Mark Carmona;Sales Recruiter;Sharp Hires ;https://www.linkedin.com/in/themarkcarmona;https://www.google.com/search?q=%28intitle%3A%22%5B%27Sharp+Hires%27%2C+%27%27%5D%22%29+site%3Alinkedin.com%2Fin%2F&ei=oc6wYJK4CNPVrgSHo71A;2;
Christy B.;Recruiter;Sharp Hires ;https://www.linkedin.com/in/christybsharphires;https://www.google.com/search?q=%28intitle%3A%22%5B%27Sharp+Hires%27%2C+%27%27%5D%22%29+site%3Alinkedin.com%2Fin%2F&ei=oc6wYJK4CNPVrgSHo71A;1;
Mark Carmona;Sales Recruiter;Sharp Hires ;https://www.linkedin.com/in/themarkcarmona;https://www.google.com/search?q=%28intitle%3A%22%5B%27Sharp+Hires%27%2C+%27%27%5D%22%29+site%3Alinkedin.com%2Fin%2F&ei=oc6wYJK4CNPVrgSHo71A;2;
William Harris;B2B Sales Specialist;Sharp Hires ;https://www.linkedin.com/in/william-harris-3b17911a7;https://www.google.com/search?q=%28intitle%3A%22%5B%27Sharp+Hires%27%2C+%27%27%5D%22%29+site%3Alinkedin.com%2Fin%2F&ei=oc6wYJK4CNPVrgSHo71A;3;
Pengsan EM;Talent Acquisition Executive;CAMBREW LTD ...;https://www.linkedin.com/in/pengsan-em-162823106;https://www.google.com/search?q=%28intitle%3A%22%5B%27EM+Talent%27%2C+%27%27%5D%22%29+site%3Alinkedin.com%2Fin%2F&ei=q86wYJPJGOSMrwT91b_ADw;1;
Pengsan EM;Talent Acquisition Executive;CAMBREW LTD ...;https://www.linkedin.com/in/pengsan-em-162823106;https://www.google.com/search?q=%28intitle%3A%22%5B%27EM+Talent%27%2C+%27%27%5D%22%29+site%3Alinkedin.com%2Fin%2F&ei=q86wYJPJGOSMrwT91b_ADw;1;
Dee Em;Talent Coordinator;Grand Imperial Ent. ;https://au.linkedin.com/in/dee-em-57938913b;https://www.google.com/search?q=%28intitle%3A%22%5B%27EM+Talent%27%2C+%27%27%5D%22%29+site%3Alinkedin.com%2Fin%2F&ei=q86wYJPJGOSMrwT91b_ADw;2;
Pengsan EM;Talent Acquisition Executive;CAMBREW LTD ...;https://www.linkedin.com/in/pengsan-em-162823106;https://www.google.com/search?q=%28intitle%3A%22%5B%27EM+Talent%27%2C+%27%27%5D%22%29+site%3Alinkedin.com%2Fin%2F&ei=q86wYJPJGOSMrwT91b_ADw;1;
Dee Em;Talent Coordinator;Grand Imperial Ent. ;https://au.linkedin.com/in/dee-em-57938913b;https://www.google.com/search?q=%28intitle%3A%22%5B%27EM+Talent%27%2C+%27%27%5D%22%29+site%3Alinkedin.com%2Fin%2F&ei=q86wYJPJGOSMrwT91b_ADw;2;
Rafael Todesco;Especialista em Talent Marketing Brasil ...; ;https://br.linkedin.com/in/rafaeltodesco;https://www.google.com/search?q=%28intitle%3A%22%5B%27EM+Talent%27%2C+%27%27%5D%22%29+site%3Alinkedin.com%2Fin%2F&ei=q86wYJPJGOSMrwT91b_ADw;3;
Pengsan EM;Talent Acquisition Executive;CAMBREW LTD ...;https://www.linkedin.com/in/pengsan-em-162823106;https://www.google.com/search?q=%28intitle%3A%22%5B%27EM+Talent%27%2C+%27%27%5D%22%29+site%3Alinkedin.com%2Fin%2F&ei=q86wYJPJGOSMrwT91b_ADw;1;
Dee Em;Talent Coordinator;Grand Imperial Ent. ;https://au.linkedin.com/in/dee-em-57938913b;https://www.google.com/search?q=%28intitle%3A%22%5B%27EM+Talent%27%2C+%27%27%5D%22%29+site%3Alinkedin.com%2Fin%2F&ei=q86wYJPJGOSMrwT91b_ADw;2;
Rafael Todesco;Especialista em Talent Marketing Brasil ...; ;https://br.linkedin.com/in/rafaeltodesco;https://www.google.com/search?q=%28intitle%3A%22%5B%27EM+Talent%27%2C+%27%27%5D%22%29+site%3Alinkedin.com%2Fin%2F&ei=q86wYJPJGOSMrwT91b_ADw;3;
Natalia Ferracini;Estagiária em Talent Aquisition na SKY ...; ;https://br.linkedin.com/in/natalia-ferracini-515404143;https://www.google.com/search?q=%28intitle%3A%22%5B%27EM+Talent%27%2C+%27%27%5D%22%29+site%3Alinkedin.com%2Fin%2F&ei=q86wYJPJGOSMrwT91b_ADw;4;
Pengsan EM;Talent Acquisition Executive;CAMBREW LTD ...;https://www.linkedin.com/in/pengsan-em-162823106;https://www.google.com/search?q=%28intitle%3A%22%5B%27EM+Talent%27%2C+%27%27%5D%22%29+site%3Alinkedin.com%2Fin%2F&ei=q86wYJPJGOSMrwT91b_ADw;1;
Dee Em;Talent Coordinator;Grand Imperial Ent. ;https://au.linkedin.com/in/dee-em-57938913b;https://www.google.com/search?q=%28intitle%3A%22%5B%27EM+Talent%27%2C+%27%27%5D%22%29+site%3Alinkedin.com%2Fin%2F&ei=q86wYJPJGOSMrwT91b_ADw;2;
Rafael Todesco;Especialista em Talent Marketing Brasil ...; ;https://br.linkedin.com/in/rafaeltodesco;https://www.google.com/search?q=%28intitle%3A%22%5B%27EM+Talent%27%2C+%27%27%5D%22%29+site%3Alinkedin.com%2Fin%2F&ei=q86wYJPJGOSMrwT91b_ADw;3;
Natalia Ferracini;Estagiária em Talent Aquisition na SKY ...; ;https://br.linkedin.com/in/natalia-ferracini-515404143;https://www.google.com/search?q=%28intitle%3A%22%5B%27EM+Talent%27%2C+%27%27%5D%22%29+site%3Alinkedin.com%2Fin%2F&ei=q86wYJPJGOSMrwT91b_ADw;4;
Patricia Bernardi;Especialista em Talent Acquisition ...; ;https://br.linkedin.com/in/patricia-bernardi/pt;https://www.google.com/search?q=%28intitle%3A%22%5B%27EM+Talent%27%2C+%27%27%5D%22%29+site%3Alinkedin.com%2Fin%2F&ei=q86wYJPJGOSMrwT91b_ADw;5;
Pengsan EM;Talent Acquisition Executive;CAMBREW LTD ...;https://www.linkedin.com/in/pengsan-em-162823106;https://www.google.com/search?q=%28intitle%3A%22%5B%27EM+Talent%27%2C+%27%27%5D%22%29+site%3Alinkedin.com%2Fin%2F&ei=q86wYJPJGOSMrwT91b_ADw;1;
Dee Em;Talent Coordinator;Grand Imperial Ent. ;https://au.linkedin.com/in/dee-em-57938913b;https://www.google.com/search?q=%28intitle%3A%22%5B%27EM+Talent%27%2C+%27%27%5D%22%29+site%3Alinkedin.com%2Fin%2F&ei=q86wYJPJGOSMrwT91b_ADw;2;
Rafael Todesco;Especialista em Talent Marketing Brasil ...; ;https://br.linkedin.com/in/rafaeltodesco;https://www.google.com/search?q=%28intitle%3A%22%5B%27EM+Talent%27%2C+%27%27%5D%22%29+site%3Alinkedin.com%2Fin%2F&ei=q86wYJPJGOSMrwT91b_ADw;3;
Natalia Ferracini;Estagiária em Talent Aquisition na SKY ...; ;https://br.linkedin.com/in/natalia-ferracini-515404143;https://www.google.com/search?q=%28intitle%3A%22%5B%27EM+Talent%27%2C+%27%27%5D%22%29+site%3Alinkedin.com%2Fin%2F&ei=q86wYJPJGOSMrwT91b_ADw;4;
Patricia Bernardi;Especialista em Talent Acquisition ...; ;https://br.linkedin.com/in/patricia-bernardi/pt;https://www.google.com/search?q=%28intitle%3A%22%5B%27EM+Talent%27%2C+%27%27%5D%22%29+site%3Alinkedin.com%2Fin%2F&ei=q86wYJPJGOSMrwT91b_ADw;5;
Athina Andrade;Especialista em Talent Acquisition;LG ...;https://br.linkedin.com/in/athinaandrade;https://www.google.com/search?q=%28intitle%3A%22%5B%27EM+Talent%27%2C+%27%27%5D%22%29+site%3Alinkedin.com%2Fin%2F&ei=q86wYJPJGOSMrwT91b_ADw;6;
Pengsan EM;Talent Acquisition Executive;CAMBREW LTD ...;https://www.linkedin.com/in/pengsan-em-162823106;https://www.google.com/search?q=%28intitle%3A%22%5B%27EM+Talent%27%2C+%27%27%5D%22%29+site%3Alinkedin.com%2Fin%2F&ei=q86wYJPJGOSMrwT91b_ADw;1;
Dee Em;Talent Coordinator;Grand Imperial Ent. ;https://au.linkedin.com/in/dee-em-57938913b;https://www.google.com/search?q=%28intitle%3A%22%5B%27EM+Talent%27%2C+%27%27%5D%22%29+site%3Alinkedin.com%2Fin%2F&ei=q86wYJPJGOSMrwT91b_ADw;2;
Rafael Todesco;Especialista em Talent Marketing Brasil ...; ;https://br.linkedin.com/in/rafaeltodesco;https://www.google.com/search?q=%28intitle%3A%22%5B%27EM+Talent%27%2C+%27%27%5D%22%29+site%3Alinkedin.com%2Fin%2F&ei=q86wYJPJGOSMrwT91b_ADw;3;
Natalia Ferracini;Estagiária em Talent Aquisition na SKY ...; ;https://br.linkedin.com/in/natalia-ferracini-515404143;https://www.google.com/search?q=%28intitle%3A%22%5B%27EM+Talent%27%2C+%27%27%5D%22%29+site%3Alinkedin.com%2Fin%2F&ei=q86wYJPJGOSMrwT91b_ADw;4;
Patricia Bernardi;Especialista em Talent Acquisition ...; ;https://br.linkedin.com/in/patricia-bernardi/pt;https://www.google.com/search?q=%28intitle%3A%22%5B%27EM+Talent%27%2C+%27%27%5D%22%29+site%3Alinkedin.com%2Fin%2F&ei=q86wYJPJGOSMrwT91b_ADw;5;
Athina Andrade;Especialista em Talent Acquisition;LG ...;https://br.linkedin.com/in/athinaandrade;https://www.google.com/search?q=%28intitle%3A%22%5B%27EM+Talent%27%2C+%27%27%5D%22%29+site%3Alinkedin.com%2Fin%2F&ei=q86wYJPJGOSMrwT91b_ADw;6;
Talent Service;Sócia-Diretora-Assessora Virtual em Talent ...; ;https://www.linkedin.com/in/talent-service-08425b18/;https://www.google.com/search?q=%28intitle%3A%22%5B%27EM+Talent%27%2C+%27%27%5D%22%29+site%3Alinkedin.com%2Fin%2F&ei=q86wYJPJGOSMrwT91b_ADw;7;
Mohammed Shatnawi;Operations Team Member;ZuluTrade ...;https://gr.linkedin.com/in/mohammed-shatnawi-b52a96a3;https://www.google.com/search?q=%28intitle%3A%22%5B%27ZuluTrade%27%2C+%27%27%5D%22%29+site%3Alinkedin.com%2Fin%2F&ei=tM6wYOi8N5-GwPAPl9aG2AU;1;
Regina Angeles;CEO + Founder;TalentNow Solutions ...;https://www.linkedin.com/in/reginaangeles;https://www.google.com/search?q=%28intitle%3A%22%5B%27TalentNow+Solutions%27%2C+%27%27%5D%22%29+site%3Alinkedin.com%2Fin%2F&ei=wM6wYN6CGtWk3APOqIOQDA;1;
Sue Colina;Vice President Executive Recruiting;Sierra ...;https://www.linkedin.com/in/suecolina;https://www.google.com/search?q=%28intitle%3A%22%5B%27Sierra+Executive+Solutions%2C+Inc.%27%2C+%27%27%5D%22%29+site%3Alinkedin.com%2Fin%2F&ei=y86wYLi4OMP9rgSFhoD4Dw;1;
Sue Colina;Vice President Executive Recruiting;Sierra ...;https://www.linkedin.com/in/suecolina;https://www.google.com/search?q=%28intitle%3A%22%5B%27Sierra+Executive+Solutions%2C+Inc.%27%2C+%27%27%5D%22%29+site%3Alinkedin.com%2Fin%2F&ei=y86wYLi4OMP9rgSFhoD4Dw;1;
Shawn Fawcett;Sr. Director of Executive Recruiting;Sierra ...;https://www.linkedin.com/in/shawn-fawcett-5b38262;https://www.google.com/search?q=%28intitle%3A%22%5B%27Sierra+Executive+Solutions%2C+Inc.%27%2C+%27%27%5D%22%29+site%3Alinkedin.com%2Fin%2F&ei=y86wYLi4OMP9rgSFhoD4Dw;2;
Sue Colina;Vice President Executive Recruiting;Sierra ...;https://www.linkedin.com/in/suecolina;https://www.google.com/search?q=%28intitle%3A%22%5B%27Sierra+Executive+Solutions%2C+Inc.%27%2C+%27%27%5D%22%29+site%3Alinkedin.com%2Fin%2F&ei=y86wYLi4OMP9rgSFhoD4Dw;1;
Shawn Fawcett;Sr. Director of Executive Recruiting;Sierra ...;https://www.linkedin.com/in/shawn-fawcett-5b38262;https://www.google.com/search?q=%28intitle%3A%22%5B%27Sierra+Executive+Solutions%2C+Inc.%27%2C+%27%27%5D%22%29+site%3Alinkedin.com%2Fin%2F&ei=y86wYLi4OMP9rgSFhoD4Dw;2;
Maureen Zupon, MBA;Sr. Executive Recruiter;Sierra ...;https://www.linkedin.com/in/maureen-zupon;https://www.google.com/search?q=%28intitle%3A%22%5B%27Sierra+Executive+Solutions%2C+Inc.%27%2C+%27%27%5D%22%29+site%3Alinkedin.com%2Fin%2F&ei=y86wYLi4OMP9rgSFhoD4Dw;3;
Mark Gerety;CEO, Co-Founder & Managing Director;G2A ...;https://www.linkedin.com/in/markgerety;https://www.google.com/search?q=%28intitle%3A%22%5B%27G2A+Executive+Search%27%2C+%27%27%5D%22%29+site%3Alinkedin.com%2Fin%2F&ei=1M6wYLTEB-b0qwHiqayIDg;1;
Mark Gerety;CEO, Co-Founder & Managing Director;G2A ...;https://www.linkedin.com/in/markgerety;https://www.google.com/search?q=%28intitle%3A%22%5B%27G2A+Executive+Search%27%2C+%27%27%5D%22%29+site%3Alinkedin.com%2Fin%2F&ei=1M6wYLTEB-b0qwHiqayIDg;1;
Theresa Gerety;Senior Managing Director/Co-Founder;G2A ...;https://www.linkedin.com/in/theresagerety;https://www.google.com/search?q=%28intitle%3A%22%5B%27G2A+Executive+Search%27%2C+%27%27%5D%22%29+site%3Alinkedin.com%2Fin%2F&ei=1M6wYLTEB-b0qwHiqayIDg;2;
Giancarlo Maniaci;Chief Executive Officer;Ejam Inc ;https://www.linkedin.com/in/gmaniaci;https://www.google.com/search?q=%28intitle%3A%22%5B%27eJam%27%2C+%27%27%5D%22%29+site%3Alinkedin.com%2Fin%2F&ei=3M6wYLHAIaX3qwG1hLtw;1;
Giancarlo Maniaci;Chief Executive Officer;Ejam Inc ;https://www.linkedin.com/in/gmaniaci;https://www.google.com/search?q=%28intitle%3A%22%5B%27eJam%27%2C+%27%27%5D%22%29+site%3Alinkedin.com%2Fin%2F&ei=3M6wYLHAIaX3qwG1hLtw;1;
Patty Sullivan;Direct of Operations;eJam.com ;https://www.linkedin.com/in/patty-sullivan-17733228;https://www.google.com/search?q=%28intitle%3A%22%5B%27eJam%27%2C+%27%27%5D%22%29+site%3Alinkedin.com%2Fin%2F&ei=3M6wYLHAIaX3qwG1hLtw;2;
Giancarlo Maniaci;Chief Executive Officer;Ejam Inc ;https://www.linkedin.com/in/gmaniaci;https://www.google.com/search?q=%28intitle%3A%22%5B%27eJam%27%2C+%27%27%5D%22%29+site%3Alinkedin.com%2Fin%2F&ei=3M6wYLHAIaX3qwG1hLtw;1;
Patty Sullivan;Direct of Operations;eJam.com ;https://www.linkedin.com/in/patty-sullivan-17733228;https://www.google.com/search?q=%28intitle%3A%22%5B%27eJam%27%2C+%27%27%5D%22%29+site%3Alinkedin.com%2Fin%2F&ei=3M6wYLHAIaX3qwG1hLtw;2;
Mike Ponzillo;Chief Operating Officer;Ejam Inc ;https://www.linkedin.com/in/mikeponzillo;https://www.google.com/search?q=%28intitle%3A%22%5B%27eJam%27%2C+%27%27%5D%22%29+site%3Alinkedin.com%2Fin%2F&ei=3M6wYLHAIaX3qwG1hLtw;3;
Giancarlo Maniaci;Chief Executive Officer;Ejam Inc ;https://www.linkedin.com/in/gmaniaci;https://www.google.com/search?q=%28intitle%3A%22%5B%27eJam%27%2C+%27%27%5D%22%29+site%3Alinkedin.com%2Fin%2F&ei=3M6wYLHAIaX3qwG1hLtw;1;
Patty Sullivan;Direct of Operations;eJam.com ;https://www.linkedin.com/in/patty-sullivan-17733228;https://www.google.com/search?q=%28intitle%3A%22%5B%27eJam%27%2C+%27%27%5D%22%29+site%3Alinkedin.com%2Fin%2F&ei=3M6wYLHAIaX3qwG1hLtw;2;
Mike Ponzillo;Chief Operating Officer;Ejam Inc ;https://www.linkedin.com/in/mikeponzillo;https://www.google.com/search?q=%28intitle%3A%22%5B%27eJam%27%2C+%27%27%5D%22%29+site%3Alinkedin.com%2Fin%2F&ei=3M6wYLHAIaX3qwG1hLtw;3;
Earl Rowland;CEO;EJAM, INC. ;https://www.linkedin.com/in/earl-rowland-5710842a;https://www.google.com/search?q=%28intitle%3A%22%5B%27eJam%27%2C+%27%27%5D%22%29+site%3Alinkedin.com%2Fin%2F&ei=3M6wYLHAIaX3qwG1hLtw;4;
Michael Mangion;Interim CEO & Head of Product ...;LinkedIn;https://uk.linkedin.com/in/michaelmangion/%7Bcountry%3Dae%2C+language%3Dar%7D?trk=people-guest_profile-result-card_result-card_full-click;https://www.google.com/search?q=%28intitle%3A%22%5B%27Crowdscores%27%2C+%27%27%5D%22%29+site%3Alinkedin.com%2Fin%2F&ei=586wYOriHKeprgT6xpeACg;1;
Michael Mangion;Interim CEO & Head of Product ...;LinkedIn;https://uk.linkedin.com/in/michaelmangion/%7Bcountry%3Dae%2C+language%3Dar%7D?trk=people-guest_profile-result-card_result-card_full-click;https://www.google.com/search?q=%28intitle%3A%22%5B%27Crowdscores%27%2C+%27%27%5D%22%29+site%3Alinkedin.com%2Fin%2F&ei=586wYOriHKeprgT6xpeACg;1;
Nick Lamplugh;Operations Manager/Company Secretary ...; ;https://uk.linkedin.com/in/nick-lamplugh-5aabbb178;https://www.google.com/search?q=%28intitle%3A%22%5B%27Crowdscores%27%2C+%27%27%5D%22%29+site%3Alinkedin.com%2Fin%2F&ei=586wYOriHKeprgT6xpeACg;2;
Michael Mangion;Interim CEO & Head of Product ...;LinkedIn;https://uk.linkedin.com/in/michaelmangion/%7Bcountry%3Dae%2C+language%3Dar%7D?trk=people-guest_profile-result-card_result-card_full-click;https://www.google.com/search?q=%28intitle%3A%22%5B%27Crowdscores%27%2C+%27%27%5D%22%29+site%3Alinkedin.com%2Fin%2F&ei=586wYOriHKeprgT6xpeACg;1;
Nick Lamplugh;Operations Manager/Company Secretary ...; ;https://uk.linkedin.com/in/nick-lamplugh-5aabbb178;https://www.google.com/search?q=%28intitle%3A%22%5B%27Crowdscores%27%2C+%27%27%5D%22%29+site%3Alinkedin.com%2Fin%2F&ei=586wYOriHKeprgT6xpeACg;2;
Joe Bond;Marketing Assistant;CrowdScores ;https://www.linkedin.com/in/joe-bond-2916ba83;https://www.google.com/search?q=%28intitle%3A%22%5B%27Crowdscores%27%2C+%27%27%5D%22%29+site%3Alinkedin.com%2Fin%2F&ei=586wYOriHKeprgT6xpeACg;3;
Joe Demin;Chief Relaxation Officer;Yellow Leaf Hammocks ...;https://www.linkedin.com/in/joedemin;https://www.google.com/search?q=%28intitle%3A%22%5B%27Yellow+Leaf+Hammocks%27%2C+%27%27%5D%22%29+site%3Alinkedin.com%2Fin%2F&ei=As-wYIrHK6iqrgSdl5GADA;1;
Joe Demin;Chief Relaxation Officer;Yellow Leaf Hammocks ...;https://www.linkedin.com/in/joedemin;https://www.google.com/search?q=%28intitle%3A%22%5B%27Yellow+Leaf+Hammocks%27%2C+%27%27%5D%22%29+site%3Alinkedin.com%2Fin%2F&ei=As-wYIrHK6iqrgSdl5GADA;1;
Rachel Connors;Chief Enthusiasm Officer and Co-Founder ...; ;https://www.linkedin.com/in/rachelconnors;https://www.google.com/search?q=%28intitle%3A%22%5B%27Yellow+Leaf+Hammocks%27%2C+%27%27%5D%22%29+site%3Alinkedin.com%2Fin%2F&ei=As-wYIrHK6iqrgSdl5GADA;2;
Joe Demin;Chief Relaxation Officer;Yellow Leaf Hammocks ...;https://www.linkedin.com/in/joedemin;https://www.google.com/search?q=%28intitle%3A%22%5B%27Yellow+Leaf+Hammocks%27%2C+%27%27%5D%22%29+site%3Alinkedin.com%2Fin%2F&ei=As-wYIrHK6iqrgSdl5GADA;1;
Rachel Connors;Chief Enthusiasm Officer and Co-Founder ...; ;https://www.linkedin.com/in/rachelconnors;https://www.google.com/search?q=%28intitle%3A%22%5B%27Yellow+Leaf+Hammocks%27%2C+%27%27%5D%22%29+site%3Alinkedin.com%2Fin%2F&ei=As-wYIrHK6iqrgSdl5GADA;2;
Elizabeth Bernier;Operations Manager;Yellow Leaf ...;https://www.linkedin.com/in/elizabethbernier;https://www.google.com/search?q=%28intitle%3A%22%5B%27Yellow+Leaf+Hammocks%27%2C+%27%27%5D%22%29+site%3Alinkedin.com%2Fin%2F&ei=As-wYIrHK6iqrgSdl5GADA;3;
Warren Ajax;Owner;Foreign Affairs Auto Service ;https://www.linkedin.com/in/warren-ajax-b98b1840;https://www.google.com/search?q=%28intitle%3A%22%5B%27Foreign+Affairs+Auto%27%2C+%27%27%5D%22%29+site%3Alinkedin.com%2Fin%2F&ei=OM-wYKncC-3IrgSmjpCIAQ;1;
Warren Ajax;Owner;Foreign Affairs Auto Service ;https://www.linkedin.com/in/warren-ajax-b98b1840;https://www.google.com/search?q=%28intitle%3A%22%5B%27Foreign+Affairs+Auto%27%2C+%27%27%5D%22%29+site%3Alinkedin.com%2Fin%2F&ei=OM-wYKncC-3IrgSmjpCIAQ;1;
Juan Gonzalez;Automotive Technician;Foreign Affairs Auto ...;https://www.linkedin.com/in/juan-gonzalez-61285820a;https://www.google.com/search?q=%28intitle%3A%22%5B%27Foreign+Affairs+Auto%27%2C+%27%27%5D%22%29+site%3Alinkedin.com%2Fin%2F&ei=OM-wYKncC-3IrgSmjpCIAQ;2;
Warren Ajax;Owner;Foreign Affairs Auto Service ;https://www.linkedin.com/in/warren-ajax-b98b1840;https://www.google.com/search?q=%28intitle%3A%22%5B%27Foreign+Affairs+Auto%27%2C+%27%27%5D%22%29+site%3Alinkedin.com%2Fin%2F&ei=OM-wYKncC-3IrgSmjpCIAQ;1;
Juan Gonzalez;Automotive Technician;Foreign Affairs Auto ...;https://www.linkedin.com/in/juan-gonzalez-61285820a;https://www.google.com/search?q=%28intitle%3A%22%5B%27Foreign+Affairs+Auto%27%2C+%27%27%5D%22%29+site%3Alinkedin.com%2Fin%2F&ei=OM-wYKncC-3IrgSmjpCIAQ;2;
John Tackett;Buyer / Appraiser / Sales;Foreign Affairs Auto ...;https://www.linkedin.com/in/john-tackett-0161885b;https://www.google.com/search?q=%28intitle%3A%22%5B%27Foreign+Affairs+Auto%27%2C+%27%27%5D%22%29+site%3Alinkedin.com%2Fin%2F&ei=OM-wYKncC-3IrgSmjpCIAQ;3;
Rose Easton;Managing Partner;Eastonworld ;https://www.linkedin.com/in/rose-easton-7b842a11;https://www.google.com/search?q=%28intitle%3A%22%5B%27Eastonworld%27%2C+%27%27%5D%22%29+site%3Alinkedin.com%2Fin%2F&ei=Vs-wYIPLFJSIwPAPoP-V0Ag;1;
Ibrahim Salim;Operations Excellence Manager;Marley ...;https://www.linkedin.com/in/ibrahim-salim-71bb45157;https://www.google.com/search?q=%28intitle%3A%22%5B%27Marley+Spoon%27%2C+%27%27%5D%22%29+site%3Alinkedin.com%2Fin%2F&ei=h8-wYMq0NMO2rgT7-onACg;1;
Lawrence Monoson;CEO;RxData ;https://www.linkedin.com/in/monoson;https://www.google.com/search?q=%28intitle%3A%22%5B%27RxData%27%2C+%27%27%5D%22%29+site%3Alinkedin.com%2Fin%2F&ei=lc-wYOCBM86srgTTqYOgDQ;1;
John Ellison;Founder, CEO;Goodery ;https://uk.linkedin.com/in/jbellison;https://www.google.com/search?q=%28intitle%3A%22%5B%27Goodery%27%2C+%27%27%5D%22%29+site%3Alinkedin.com%2Fin%2F&ei=o8-wYPrSHsHWrgTyw4ngAQ;1;
John Ellison;Founder, CEO;Goodery ;https://uk.linkedin.com/in/jbellison;https://www.google.com/search?q=%28intitle%3A%22%5B%27Goodery%27%2C+%27%27%5D%22%29+site%3Alinkedin.com%2Fin%2F&ei=o8-wYPrSHsHWrgTyw4ngAQ;1;
Jen Rynearson;Business Owner;The Gourmet Goodery ...;https://www.linkedin.com/in/jenrynearson;https://www.google.com/search?q=%28intitle%3A%22%5B%27Goodery%27%2C+%27%27%5D%22%29+site%3Alinkedin.com%2Fin%2F&ei=o8-wYPrSHsHWrgTyw4ngAQ;2;
John Ellison;Founder, CEO;Goodery ;https://uk.linkedin.com/in/jbellison;https://www.google.com/search?q=%28intitle%3A%22%5B%27Goodery%27%2C+%27%27%5D%22%29+site%3Alinkedin.com%2Fin%2F&ei=o8-wYPrSHsHWrgTyw4ngAQ;1;
Jen Rynearson;Business Owner;The Gourmet Goodery ...;https://www.linkedin.com/in/jenrynearson;https://www.google.com/search?q=%28intitle%3A%22%5B%27Goodery%27%2C+%27%27%5D%22%29+site%3Alinkedin.com%2Fin%2F&ei=o8-wYPrSHsHWrgTyw4ngAQ;2;
Nadia Cove;Executive Assistant/ Project Coordinator ...; ;https://uk.linkedin.com/in/nadiarenderva;https://www.google.com/search?q=%28intitle%3A%22%5B%27Goodery%27%2C+%27%27%5D%22%29+site%3Alinkedin.com%2Fin%2F&ei=o8-wYPrSHsHWrgTyw4ngAQ;3;
John Ellison;Founder, CEO;Goodery ;https://uk.linkedin.com/in/jbellison;https://www.google.com/search?q=%28intitle%3A%22%5B%27Goodery%27%2C+%27%27%5D%22%29+site%3Alinkedin.com%2Fin%2F&ei=o8-wYPrSHsHWrgTyw4ngAQ;1;
Jen Rynearson;Business Owner;The Gourmet Goodery ...;https://www.linkedin.com/in/jenrynearson;https://www.google.com/search?q=%28intitle%3A%22%5B%27Goodery%27%2C+%27%27%5D%22%29+site%3Alinkedin.com%2Fin%2F&ei=o8-wYPrSHsHWrgTyw4ngAQ;2;
Nadia Cove;Executive Assistant/ Project Coordinator ...; ;https://uk.linkedin.com/in/nadiarenderva;https://www.google.com/search?q=%28intitle%3A%22%5B%27Goodery%27%2C+%27%27%5D%22%29+site%3Alinkedin.com%2Fin%2F&ei=o8-wYPrSHsHWrgTyw4ngAQ;3;
Emily Iannazzo;Owner;The Goodery ;https://www.linkedin.com/in/emily-iannazzo-9b927b16;https://www.google.com/search?q=%28intitle%3A%22%5B%27Goodery%27%2C+%27%27%5D%22%29+site%3Alinkedin.com%2Fin%2F&ei=o8-wYPrSHsHWrgTyw4ngAQ;4;
Ngozi Opara;Founder & CEO;Heat Free Hair ;https://www.linkedin.com/in/ngozi-opara-2602b238;https://www.google.com/search?q=%28intitle%3A%22%5B%27Heat+Free+Hair%27%2C+%27%27%5D%22%29+site%3Alinkedin.com%2Fin%2F&ei=rs-wYNnfOOKkrgTN35S4BQ;1;
Maria Fernandes;Founder & Chef;Maria's Goan Kitchen ...;https://in.linkedin.com/in/mariasgoankitchen;https://www.google.com/search?q=%28intitle%3A%22%5B%22Maria%27s+Gourmet+Kitchen%22%2C+%27%27%5D%22%29+site%3Alinkedin.com%2Fin%2F&ei=vM-wYOuiDcLIrgTz-Ky4Cw;1;
Maria Fernandes;Founder & Chef;Maria's Goan Kitchen ...;https://in.linkedin.com/in/mariasgoankitchen;https://www.google.com/search?q=%28intitle%3A%22%5B%22Maria%27s+Gourmet+Kitchen%22%2C+%27%27%5D%22%29+site%3Alinkedin.com%2Fin%2F&ei=vM-wYOuiDcLIrgTz-Ky4Cw;1;
Jonathan Carrillo;Co-Owner / CEO;Maria's Italian Deli ...;https://www.linkedin.com/in/jonathan-carrillo-614a1342;https://www.google.com/search?q=%28intitle%3A%22%5B%22Maria%27s+Gourmet+Kitchen%22%2C+%27%27%5D%22%29+site%3Alinkedin.com%2Fin%2F&ei=vM-wYOuiDcLIrgTz-Ky4Cw;2;
Kevin Smith;Chief Operating Officer;Andrew Mellen, Inc ...;https://www.linkedin.com/in/kevin-smith-aa25477;https://www.google.com/search?q=%28intitle%3A%22%5B%27Andrew+Mellen%2C+Inc.%27%2C+%27%27%5D%22%29+site%3Alinkedin.com%2Fin%2F&ei=x8-wYLivFrGorgTAt5TIAg;1;
Kyaw Naing Win;Warehouse Officer;Irrawaddy Green ...;https://www.linkedin.com/in/kyaw-naing-win-d18m5y96;https://www.google.com/search?q=%28intitle%3A%22%5B%27WIN+Warehouse%27%2C+%27%27%5D%22%29+site%3Alinkedin.com%2Fin%2F&ei=1c-wYNrRNsygjgbU0r7wBQ;1;
Rakhi Shah;CEO | Founder | Innovator;Integrated Modern ...;https://www.linkedin.com/in/rakhimshah;https://www.google.com/search?q=%28intitle%3A%22%5B%27Integrated+Modern+Engineering%27%5D%22%29+site%3Alinkedin.com%2Fin%2F&ei=JdCwYKCWC5CvrgTbqYuYBA;1;
